[2026-03-12T15:22:54.771Z] Starting dev server with command: pnpm run dev
[2026-03-12T15:22:55.880Z] 
[2026-03-12T15:22:55.881Z] > renta-facil-tpymes@1.0.0 dev /home/ubuntu/renta-facil-tpymes
[2026-03-12T15:22:55.882Z] > vite --host
[2026-03-12T15:22:55.882Z] 
[2026-03-12T15:22:57.078Z] 
[2026-03-12T15:22:57.078Z] VITE v7.1.9  ready in 1155 ms
[2026-03-12T15:22:57.079Z] 
[2026-03-12T15:22:57.079Z] ➜  Local:   http://localhost:3000/
[2026-03-12T15:22:57.080Z] ➜  Network: http://169.254.0.21:3000/
[2026-03-12T15:28:24.726Z] 11:28:24 AM [vite] (client) page reload index.html
[2026-03-12T15:44:34.378Z] [baseline-browser-mapping] The data in this module is over two months old.  To ensure accurate Baseline data, please update: `npm i baseline-browser-mapping@latest -D`
[2026-03-12T15:44:34.670Z] 11:44:34 AM [vite] (client) Pre-transform error: Failed to resolve import "./pages/Triage" from "client/src/App.tsx". Does the file exist?
[2026-03-12T15:44:34.671Z] Plugin: vite:import-analysis
[2026-03-12T15:44:34.672Z] File: /home/ubuntu/renta-facil-tpymes/client/src/App.tsx:9:19
[2026-03-12T15:44:34.672Z] 8  |  import Home from "./pages/Home";
[2026-03-12T15:44:34.673Z] 9  |  import Simulador from "./pages/Simulador";
[2026-03-12T15:44:34.673Z] 10 |  import Triage from "./pages/Triage";
[2026-03-12T15:44:34.673Z] |                      ^
[2026-03-12T15:44:34.674Z] 11 |  function Router() {
[2026-03-12T15:44:34.674Z] 12 |    return /* @__PURE__ */ jsxDEV(Switch, { "data-loc": "client/src/App.tsx:13", children: [
[2026-03-12T15:44:35.493Z] 11:44:35 AM [vite] Internal server error: Failed to resolve import "./pages/Triage" from "client/src/App.tsx". Does the file exist?
[2026-03-12T15:44:35.494Z] Plugin: vite:import-analysis
[2026-03-12T15:44:35.494Z] File: /home/ubuntu/renta-facil-tpymes/client/src/App.tsx:9:19
[2026-03-12T15:44:35.494Z] 8  |  import Home from "./pages/Home";
[2026-03-12T15:44:35.495Z] 9  |  import Simulador from "./pages/Simulador";
[2026-03-12T15:44:35.495Z] 10 |  import Triage from "./pages/Triage";
[2026-03-12T15:44:35.495Z] |                      ^
[2026-03-12T15:44:35.496Z] 11 |  function Router() {
[2026-03-12T15:44:35.496Z] 12 |    return /* @__PURE__ */ jsxDEV(Switch, { "data-loc": "client/src/App.tsx:13", children: [
[2026-03-12T15:44:35.496Z] at TransformPluginContext._formatLog (file:///home/ubuntu/renta-facil-tpymes/node_modules/.pnpm/vite@7.1.9_@types+node@24.7.0_jiti@2.6.1_lightningcss@1.30.1_tsx@4.20.6/node_modules/vite/dist/node/chunks/dep-Chhhsdoe.js:31219:43)
[2026-03-12T15:44:35.497Z] at TransformPluginContext.error (file:///home/ubuntu/renta-facil-tpymes/node_modules/.pnpm/vite@7.1.9_@types+node@24.7.0_jiti@2.6.1_lightningcss@1.30.1_tsx@4.20.6/node_modules/vite/dist/node/chunks/dep-Chhhsdoe.js:31216:14)
[2026-03-12T15:44:35.497Z] at normalizeUrl (file:///home/ubuntu/renta-facil-tpymes/node_modules/.pnpm/vite@7.1.9_@types+node@24.7.0_jiti@2.6.1_lightningcss@1.30.1_tsx@4.20.6/node_modules/vite/dist/node/chunks/dep-Chhhsdoe.js:29699:18)
[2026-03-12T15:44:35.497Z] at process.processTicksAndRejections (node:internal/process/task_queues:105:5)
[2026-03-12T15:44:35.498Z] at async file:///home/ubuntu/renta-facil-tpymes/node_modules/.pnpm/vite@7.1.9_@types+node@24.7.0_jiti@2.6.1_lightningcss@1.30.1_tsx@4.20.6/node_modules/vite/dist/node/chunks/dep-Chhhsdoe.js:29757:32
[2026-03-12T15:44:35.498Z] at async Promise.all (index 9)
[2026-03-12T15:44:35.498Z] at async TransformPluginContext.transform (file:///home/ubuntu/renta-facil-tpymes/node_modules/.pnpm/vite@7.1.9_@types+node@24.7.0_jiti@2.6.1_lightningcss@1.30.1_tsx@4.20.6/node_modules/vite/dist/node/chunks/dep-Chhhsdoe.js:29725:4)
[2026-03-12T15:44:35.498Z] at async EnvironmentPluginContainer.transform (file:///home/ubuntu/renta-facil-tpymes/node_modules/.pnpm/vite@7.1.9_@types+node@24.7.0_jiti@2.6.1_lightningcss@1.30.1_tsx@4.20.6/node_modules/vite/dist/node/chunks/dep-Chhhsdoe.js:31018:14)
[2026-03-12T15:44:35.499Z] at async loadAndTransform (file:///home/ubuntu/renta-facil-tpymes/node_modules/.pnpm/vite@7.1.9_@types+node@24.7.0_jiti@2.6.1_lightningcss@1.30.1_tsx@4.20.6/node_modules/vite/dist/node/chunks/dep-Chhhsdoe.js:26143:26)
[2026-03-12T15:44:35.499Z] at async viteTransformMiddleware (file:///home/ubuntu/renta-facil-tpymes/node_modules/.pnpm/vite@7.1.9_@types+node@24.7.0_jiti@2.6.1_lightningcss@1.30.1_tsx@4.20.6/node_modules/vite/dist/node/chunks/dep-Chhhsdoe.js:27221:20)
[2026-03-12T15:44:39.103Z] 11:44:39 AM [vite] (client) ✨ new dependencies optimized: framer-motion, @radix-ui/react-label, @radix-ui/react-switch, @radix-ui/react-radio-group, @radix-ui/react-select, @radix-ui/react-dialog
[2026-03-12T15:44:39.110Z] 11:44:39 AM [vite] (client) ✨ optimized dependencies changed. reloading
[2026-03-12T15:44:39.308Z] 11:44:39 AM [vite] (client) Pre-transform error: Failed to resolve import "./pages/Triage" from "client/src/App.tsx". Does the file exist?
[2026-03-12T15:44:39.309Z] Plugin: vite:import-analysis
[2026-03-12T15:44:39.310Z] File: /home/ubuntu/renta-facil-tpymes/client/src/App.tsx:9:19
[2026-03-12T15:44:39.310Z] 8  |  import Home from "./pages/Home";
[2026-03-12T15:44:39.311Z] 9  |  import Simulador from "./pages/Simulador";
[2026-03-12T15:44:39.311Z] 10 |  import Triage from "./pages/Triage";
[2026-03-12T15:44:39.312Z] |                      ^
[2026-03-12T15:44:39.312Z] 11 |  function Router() {
[2026-03-12T15:44:39.313Z] 12 |    return /* @__PURE__ */ jsxDEV(Switch, { "data-loc": "client/src/App.tsx:13", children: [
[2026-03-12T15:44:39.708Z] 11:44:39 AM [vite] Internal server error: Failed to resolve import "./pages/Triage" from "client/src/App.tsx". Does the file exist?
[2026-03-12T15:44:39.709Z] Plugin: vite:import-analysis
[2026-03-12T15:44:39.710Z] File: /home/ubuntu/renta-facil-tpymes/client/src/App.tsx:9:19
[2026-03-12T15:44:39.710Z] 8  |  import Home from "./pages/Home";
[2026-03-12T15:44:39.710Z] 9  |  import Simulador from "./pages/Simulador";
[2026-03-12T15:44:39.711Z] 10 |  import Triage from "./pages/Triage";
[2026-03-12T15:44:39.711Z] |                      ^
[2026-03-12T15:44:39.712Z] 11 |  function Router() {
[2026-03-12T15:44:39.712Z] 12 |    return /* @__PURE__ */ jsxDEV(Switch, { "data-loc": "client/src/App.tsx:13", children: [
[2026-03-12T15:44:39.713Z] at TransformPluginContext._formatLog (file:///home/ubuntu/renta-facil-tpymes/node_modules/.pnpm/vite@7.1.9_@types+node@24.7.0_jiti@2.6.1_lightningcss@1.30.1_tsx@4.20.6/node_modules/vite/dist/node/chunks/dep-Chhhsdoe.js:31219:43)
[2026-03-12T15:44:39.713Z] at TransformPluginContext.error (file:///home/ubuntu/renta-facil-tpymes/node_modules/.pnpm/vite@7.1.9_@types+node@24.7.0_jiti@2.6.1_lightningcss@1.30.1_tsx@4.20.6/node_modules/vite/dist/node/chunks/dep-Chhhsdoe.js:31216:14)
[2026-03-12T15:44:39.713Z] at normalizeUrl (file:///home/ubuntu/renta-facil-tpymes/node_modules/.pnpm/vite@7.1.9_@types+node@24.7.0_jiti@2.6.1_lightningcss@1.30.1_tsx@4.20.6/node_modules/vite/dist/node/chunks/dep-Chhhsdoe.js:29699:18)
[2026-03-12T15:44:39.714Z] at process.processTicksAndRejections (node:internal/process/task_queues:105:5)
[2026-03-12T15:44:39.714Z] at async file:///home/ubuntu/renta-facil-tpymes/node_modules/.pnpm/vite@7.1.9_@types+node@24.7.0_jiti@2.6.1_lightningcss@1.30.1_tsx@4.20.6/node_modules/vite/dist/node/chunks/dep-Chhhsdoe.js:29757:32
[2026-03-12T15:44:39.715Z] at async Promise.all (index 9)
[2026-03-12T15:44:39.715Z] at async TransformPluginContext.transform (file:///home/ubuntu/renta-facil-tpymes/node_modules/.pnpm/vite@7.1.9_@types+node@24.7.0_jiti@2.6.1_lightningcss@1.30.1_tsx@4.20.6/node_modules/vite/dist/node/chunks/dep-Chhhsdoe.js:29725:4)
[2026-03-12T15:44:39.715Z] at async EnvironmentPluginContainer.transform (file:///home/ubuntu/renta-facil-tpymes/node_modules/.pnpm/vite@7.1.9_@types+node@24.7.0_jiti@2.6.1_lightningcss@1.30.1_tsx@4.20.6/node_modules/vite/dist/node/chunks/dep-Chhhsdoe.js:31018:14)
[2026-03-12T15:44:39.716Z] at async loadAndTransform (file:///home/ubuntu/renta-facil-tpymes/node_modules/.pnpm/vite@7.1.9_@types+node@24.7.0_jiti@2.6.1_lightningcss@1.30.1_tsx@4.20.6/node_modules/vite/dist/node/chunks/dep-Chhhsdoe.js:26143:26)
[2026-03-12T15:44:39.716Z] at async viteTransformMiddleware (file:///home/ubuntu/renta-facil-tpymes/node_modules/.pnpm/vite@7.1.9_@types+node@24.7.0_jiti@2.6.1_lightningcss@1.30.1_tsx@4.20.6/node_modules/vite/dist/node/chunks/dep-Chhhsdoe.js:27221:20)
[2026-03-12T15:48:15.371Z] 11:48:15 AM [vite] (client) page reload src/pages/Triage.tsx
[2026-03-12T15:48:24.197Z] Dev server process group stopped
[2026-03-12T15:48:24.200Z] ELIFECYCLE  Command failed.
[2026-03-12T15:48:24.227Z] Dev server exited with code -15
[2026-03-12T15:48:27.231Z] Starting dev server with command: pnpm run dev
[2026-03-12T15:48:28.099Z] 
[2026-03-12T15:48:28.100Z] > renta-facil-tpymes@1.0.0 dev /home/ubuntu/renta-facil-tpymes
[2026-03-12T15:48:28.101Z] > vite --host
[2026-03-12T15:48:28.101Z] 
[2026-03-12T15:48:28.623Z] 
[2026-03-12T15:48:28.624Z] VITE v7.1.9  ready in 480 ms
[2026-03-12T15:48:28.624Z] 
[2026-03-12T15:48:28.624Z] ➜  Local:   http://localhost:3000/
[2026-03-12T15:48:28.625Z] ➜  Network: http://169.254.0.21:3000/
[2026-03-12T15:48:29.676Z] [baseline-browser-mapping] The data in this module is over two months old.  To ensure accurate Baseline data, please update: `npm i baseline-browser-mapping@latest -D`
[2026-03-12T16:14:35.826Z] 12:14:35 PM [vite] (client) hmr update /src/index.css, /src/pages/Simulador.tsx
[2026-03-12T16:15:36.087Z] Dev server process group stopped
[2026-03-12T16:15:36.090Z] ELIFECYCLE  Command failed.
[2026-03-12T16:15:36.114Z] Dev server exited with code -15
[2026-03-12T16:15:39.111Z] Starting dev server with command: pnpm run dev
[2026-03-12T16:15:39.880Z] 
[2026-03-12T16:15:39.881Z] > renta-facil-tpymes@1.0.0 dev /home/ubuntu/renta-facil-tpymes
[2026-03-12T16:15:39.882Z] > vite --host
[2026-03-12T16:15:39.882Z] 
[2026-03-12T16:15:40.300Z] 
[2026-03-12T16:15:40.301Z] VITE v7.1.9  ready in 377 ms
[2026-03-12T16:15:40.301Z] 
[2026-03-12T16:15:40.301Z] ➜  Local:   http://localhost:3000/
[2026-03-12T16:15:40.302Z] ➜  Network: http://169.254.0.21:3000/
[2026-03-12T16:15:41.499Z] [baseline-browser-mapping] The data in this module is over two months old.  To ensure accurate Baseline data, please update: `npm i baseline-browser-mapping@latest -D`
[2026-03-12T16:16:41.641Z] 12:16:41 PM [vite] (client) hmr update /src/pages/Simulador.tsx, /src/index.css
[2026-03-12T16:16:49.756Z] Dev server process group stopped
[2026-03-12T16:16:49.759Z] ELIFECYCLE  Command failed.
[2026-03-12T16:16:49.782Z] Dev server exited with code -15
[2026-03-12T16:16:52.762Z] Starting dev server with command: pnpm run dev
[2026-03-12T16:16:53.718Z] 
[2026-03-12T16:16:53.719Z] > renta-facil-tpymes@1.0.0 dev /home/ubuntu/renta-facil-tpymes
[2026-03-12T16:16:53.720Z] > vite --host
[2026-03-12T16:16:53.721Z] 
[2026-03-12T16:16:54.222Z] 
[2026-03-12T16:16:54.223Z] VITE v7.1.9  ready in 456 ms
[2026-03-12T16:16:54.223Z] 
[2026-03-12T16:16:54.224Z] ➜  Local:   http://localhost:3000/
[2026-03-12T16:16:54.224Z] ➜  Network: http://169.254.0.21:3000/
[2026-03-12T16:16:54.710Z] [baseline-browser-mapping] The data in this module is over two months old.  To ensure accurate Baseline data, please update: `npm i baseline-browser-mapping@latest -D`
[2026-03-12T21:24:33.133Z] 5:24:33 PM [vite] (client) page reload index.html
[2026-03-12T21:24:33.134Z] 5:24:33 PM [vite] vite.config.ts changed, restarting server...
[2026-03-12T21:24:33.174Z] 5:24:33 PM [vite] (client) Re-optimizing dependencies because vite config has changed
[2026-03-12T21:24:33.212Z] 5:24:33 PM [vite] server restarted.
[2026-03-12T21:24:33.213Z] 
[2026-03-12T21:24:33.213Z] ➜  Local:   http://localhost:5173/
[2026-03-12T21:24:33.214Z] ➜  Network: http://169.254.0.21:5173/
[2026-03-12T21:24:49.480Z] Dev server process group stopped
[2026-03-12T21:24:49.484Z] ELIFECYCLE  Command failed.
[2026-03-12T21:24:49.502Z] Dev server exited with code -15
[2026-03-12T21:24:52.485Z] Starting dev server with command: pnpm run dev
[2026-03-12T21:24:53.253Z] 
[2026-03-12T21:24:53.254Z] > renta-facil-tpymes@1.0.0 dev /home/ubuntu/renta-facil-tpymes
[2026-03-12T21:24:53.254Z] > vite --host
[2026-03-12T21:24:53.255Z] 
[2026-03-12T21:24:53.617Z] 
[2026-03-12T21:24:53.618Z] VITE v7.1.9  ready in 322 ms
[2026-03-12T21:24:53.619Z] 
[2026-03-12T21:24:53.619Z] ➜  Local:   http://localhost:5173/
[2026-03-12T21:24:53.620Z] ➜  Network: http://169.254.0.21:5173/
[2026-03-12T21:24:54.806Z] [baseline-browser-mapping] The data in this module is over two months old.  To ensure accurate Baseline data, please update: `npm i baseline-browser-mapping@latest -D`
[2026-03-12T21:34:12.992Z] Dev server process group stopped
[2026-03-12T21:34:12.995Z] ELIFECYCLE  Command failed.
[2026-03-12T21:34:13.010Z] Dev server exited with code -15
[2026-03-12T21:34:15.997Z] Starting dev server with command: pnpm run dev
[2026-03-12T21:34:16.738Z] 
[2026-03-12T21:34:16.738Z] > renta-facil-tpymes@1.0.0 dev /home/ubuntu/renta-facil-tpymes
[2026-03-12T21:34:16.739Z] > vite --host
[2026-03-12T21:34:16.739Z] 
[2026-03-12T21:34:17.115Z] 
[2026-03-12T21:34:17.116Z] VITE v7.1.9  ready in 338 ms
[2026-03-12T21:34:17.117Z] 
[2026-03-12T21:34:17.117Z] ➜  Local:   http://localhost:5173/
[2026-03-12T21:34:17.118Z] ➜  Network: http://169.254.0.21:5173/
[2026-03-12T21:34:18.337Z] [baseline-browser-mapping] The data in this module is over two months old.  To ensure accurate Baseline data, please update: `npm i baseline-browser-mapping@latest -D`
[2026-03-12T21:40:35.273Z] 5:40:35 PM [vite] (client) hmr update /src/pages/Triage.tsx, /src/index.css
[2026-03-12T21:40:47.125Z] 5:40:47 PM [vite] (client) hmr update /src/pages/Triage.tsx, /src/index.css
[2026-03-12T21:40:55.220Z] 5:40:55 PM [vite] (client) hmr update /src/pages/Triage.tsx, /src/index.css
[2026-03-12T21:41:34.511Z] 5:41:34 PM [vite] (client) hmr update /src/App.tsx, /src/index.css
[2026-03-12T21:44:54.749Z] 5:44:54 PM [vite] (client) hmr update /src/index.css, /src/components/Navbar.tsx
[2026-03-12T21:44:59.507Z] Dev server process group stopped
[2026-03-12T21:44:59.509Z] ELIFECYCLE  Command failed.
[2026-03-12T21:44:59.522Z] Dev server exited with code -15
[2026-03-12T21:45:02.511Z] Starting dev server with command: pnpm run dev
[2026-03-12T21:45:03.212Z] 
[2026-03-12T21:45:03.213Z] > renta-facil-tpymes@1.0.0 dev /home/ubuntu/renta-facil-tpymes
[2026-03-12T21:45:03.214Z] > vite --host
[2026-03-12T21:45:03.214Z] 
[2026-03-12T21:45:03.553Z] 
[2026-03-12T21:45:03.554Z] VITE v7.1.9  ready in 298 ms
[2026-03-12T21:45:03.555Z] 
[2026-03-12T21:45:03.555Z] ➜  Local:   http://localhost:5173/
[2026-03-12T21:45:03.556Z] ➜  Network: http://169.254.0.21:5173/
[2026-03-12T21:45:04.831Z] [baseline-browser-mapping] The data in this module is over two months old.  To ensure accurate Baseline data, please update: `npm i baseline-browser-mapping@latest -D`
[2026-03-13T08:51:53.842Z] Dev server process group stopped
[2026-03-13T08:51:56.847Z] Starting dev server with command: pnpm run dev
[2026-03-13T08:51:57.593Z] 
[2026-03-13T08:51:57.594Z] > renta-facil-tpymes@1.0.0 dev /home/ubuntu/renta-facil-tpymes
[2026-03-13T08:51:57.594Z] > vite --host
[2026-03-13T08:51:57.594Z] 
[2026-03-13T08:51:57.941Z] 
[2026-03-13T08:51:57.942Z] VITE v7.1.9  ready in 311 ms
[2026-03-13T08:51:57.942Z] 
[2026-03-13T08:51:57.942Z] ➜  Local:   http://localhost:5173/
[2026-03-13T08:51:57.943Z] ➜  Network: http://169.254.0.21:5173/
[2026-03-13T08:52:09.253Z] Starting dev server with command: pnpm run dev
[2026-03-13T08:52:09.968Z] 
[2026-03-13T08:52:09.969Z] > renta-facil-tpymes@1.0.0 dev /home/ubuntu/renta-facil-tpymes
[2026-03-13T08:52:09.969Z] > vite --host
[2026-03-13T08:52:09.969Z] 
[2026-03-13T08:52:10.502Z] Port 5173 is in use, trying another one...
[2026-03-13T08:52:10.503Z] 
[2026-03-13T08:52:10.504Z] VITE v7.1.9  ready in 304 ms
[2026-03-13T08:52:10.504Z] 
[2026-03-13T08:52:10.504Z] ➜  Local:   http://localhost:5174/
[2026-03-13T08:52:10.504Z] ➜  Network: http://169.254.0.21:5174/
[2026-03-13T08:58:19.476Z] Dev server process group stopped
[2026-03-13T08:58:19.479Z] ELIFECYCLE  Command failed.
[2026-03-13T08:58:19.492Z] Dev server exited with code -15
[2026-03-13T08:58:22.481Z] Starting dev server with command: pnpm run dev
[2026-03-13T08:58:23.259Z] 
[2026-03-13T08:58:23.260Z] > renta-facil-tpymes@1.0.0 dev /home/ubuntu/renta-facil-tpymes
[2026-03-13T08:58:23.260Z] > vite --host
[2026-03-13T08:58:23.261Z] 
[2026-03-13T08:58:23.603Z] Port 5173 is in use, trying another one...
[2026-03-13T08:58:23.605Z] 
[2026-03-13T08:58:23.605Z] VITE v7.1.9  ready in 307 ms
[2026-03-13T08:58:23.606Z] 
[2026-03-13T08:58:23.606Z] ➜  Local:   http://localhost:5174/
[2026-03-13T08:58:23.606Z] ➜  Network: http://169.254.0.21:5174/
[2026-03-13T08:59:23.829Z] Killed
[2026-03-13T08:59:23.831Z] ELIFECYCLE  Command failed with exit code 137.
[2026-03-13T08:59:23.866Z] Dev server exited with code 137
[2026-03-13T08:59:43.889Z] Starting dev server with command: pnpm run dev
[2026-03-13T08:59:44.633Z] 
[2026-03-13T08:59:44.634Z] > renta-facil-tpymes@1.0.0 dev /home/ubuntu/renta-facil-tpymes
[2026-03-13T08:59:44.634Z] > vite --host
[2026-03-13T08:59:44.635Z] 
[2026-03-13T08:59:44.986Z] 
[2026-03-13T08:59:44.987Z] VITE v7.1.9  ready in 312 ms
[2026-03-13T08:59:44.987Z] 
[2026-03-13T08:59:44.987Z] ➜  Local:   http://localhost:5173/
[2026-03-13T08:59:44.988Z] ➜  Network: http://169.254.0.21:5173/
[2026-03-13T08:59:46.225Z] [baseline-browser-mapping] The data in this module is over two months old.  To ensure accurate Baseline data, please update: `npm i baseline-browser-mapping@latest -D`
[2026-03-13T09:00:37.138Z] 5:00:37 AM [vite] vite.config.ts changed, restarting server...
[2026-03-13T09:00:37.173Z] 5:00:37 AM [vite] server restarted.
[2026-03-13T09:00:58.170Z] Dev server process group stopped
[2026-03-13T09:00:58.173Z] ELIFECYCLE  Command failed.
[2026-03-13T09:00:58.189Z] Dev server exited with code -15
[2026-03-13T09:01:01.176Z] Starting dev server with command: pnpm run dev
[2026-03-13T09:01:01.916Z] 
[2026-03-13T09:01:01.917Z] > renta-facil-tpymes@1.0.0 dev /home/ubuntu/renta-facil-tpymes
[2026-03-13T09:01:01.917Z] > vite --host
[2026-03-13T09:01:01.918Z] 
[2026-03-13T09:01:02.290Z] 
[2026-03-13T09:01:02.291Z] VITE v7.1.9  ready in 333 ms
[2026-03-13T09:01:02.291Z] 
[2026-03-13T09:01:02.292Z] ➜  Local:   http://localhost:5173/
[2026-03-13T09:01:02.293Z] ➜  Network: http://169.254.0.21:5173/
[2026-03-13T09:01:03.545Z] [baseline-browser-mapping] The data in this module is over two months old.  To ensure accurate Baseline data, please update: `npm i baseline-browser-mapping@latest -D`
[2026-03-13T09:02:42.431Z] 5:02:42 AM [vite] vite.config.ts changed, restarting server...
[2026-03-13T09:02:42.474Z] 5:02:42 AM [vite] server restarted.
[2026-03-13T09:03:01.244Z] Dev server process group stopped
[2026-03-13T09:03:01.248Z] ELIFECYCLE  Command failed.
[2026-03-13T09:03:01.269Z] Dev server exited with code -15
[2026-03-13T09:03:04.249Z] Starting dev server with command: pnpm run dev
[2026-03-13T09:03:05.058Z] 
[2026-03-13T09:03:05.059Z] > renta-facil-tpymes@1.0.0 dev /home/ubuntu/renta-facil-tpymes
[2026-03-13T09:03:05.059Z] > vite --host
[2026-03-13T09:03:05.059Z] 
[2026-03-13T09:03:05.534Z] 
[2026-03-13T09:03:05.535Z] VITE v7.1.9  ready in 428 ms
[2026-03-13T09:03:05.536Z] 
[2026-03-13T09:03:05.536Z] ➜  Local:   http://localhost:5173/
[2026-03-13T09:03:05.538Z] ➜  Network: http://169.254.0.21:5173/
[2026-03-13T09:03:06.602Z] [baseline-browser-mapping] The data in this module is over two months old.  To ensure accurate Baseline data, please update: `npm i baseline-browser-mapping@latest -D`
[2026-03-13T09:25:49.170Z] 5:25:49 AM [vite] (client) hmr update /src/App.tsx, /src/index.css
[2026-03-13T09:25:53.780Z] Dev server process group stopped
[2026-03-13T09:25:53.782Z] ELIFECYCLE  Command failed.
[2026-03-13T09:25:53.801Z] Dev server exited with code -15
[2026-03-13T09:25:56.784Z] Starting dev server with command: pnpm run dev
[2026-03-13T09:25:57.619Z] 
[2026-03-13T09:25:57.620Z] > renta-facil-tpymes@1.0.0 dev /home/ubuntu/renta-facil-tpymes
[2026-03-13T09:25:57.620Z] > vite --host
[2026-03-13T09:25:57.621Z] 
[2026-03-13T09:25:58.008Z] 
[2026-03-13T09:25:58.009Z] VITE v7.1.9  ready in 346 ms
[2026-03-13T09:25:58.010Z] 
[2026-03-13T09:25:58.010Z] ➜  Local:   http://localhost:5173/
[2026-03-13T09:25:58.011Z] ➜  Network: http://169.254.0.21:5173/
[2026-03-13T09:25:58.762Z] [baseline-browser-mapping] The data in this module is over two months old.  To ensure accurate Baseline data, please update: `npm i baseline-browser-mapping@latest -D`
[2026-03-14T03:10:05.054Z] Dev server process group stopped
[2026-03-14T03:10:08.060Z] Starting dev server with command: pnpm run dev
[2026-03-14T03:10:08.937Z] 
[2026-03-14T03:10:08.938Z] > renta-facil-tpymes@1.0.0 dev /home/ubuntu/renta-facil-tpymes
[2026-03-14T03:10:08.938Z] > vite --host
[2026-03-14T03:10:08.939Z] 
[2026-03-14T03:10:09.366Z] 
[2026-03-14T03:10:09.367Z] VITE v7.1.9  ready in 386 ms
[2026-03-14T03:10:09.367Z] 
[2026-03-14T03:10:09.368Z] ➜  Local:   http://localhost:5173/
[2026-03-14T03:10:09.368Z] ➜  Network: http://169.254.0.21:5173/
[2026-03-14T03:10:10.527Z] [baseline-browser-mapping] The data in this module is over two months old.  To ensure accurate Baseline data, please update: `npm i baseline-browser-mapping@latest -D`
[2026-03-14T03:10:25.339Z] Starting dev server with command: pnpm run dev
[2026-03-14T03:10:26.209Z] 
[2026-03-14T03:10:26.209Z] > renta-facil-tpymes@1.0.0 dev /home/ubuntu/renta-facil-tpymes
[2026-03-14T03:10:26.210Z] > vite --host
[2026-03-14T03:10:26.210Z] 
[2026-03-14T03:10:26.603Z] Port 5173 is in use, trying another one...
[2026-03-14T03:10:26.605Z] 
[2026-03-14T03:10:26.605Z] VITE v7.1.9  ready in 354 ms
[2026-03-14T03:10:26.605Z] 
[2026-03-14T03:10:26.605Z] ➜  Local:   http://localhost:5174/
[2026-03-14T03:10:26.606Z] ➜  Network: http://169.254.0.21:5174/
[2026-03-14T03:10:33.962Z] Dev server process group stopped
[2026-03-14T03:10:33.965Z] ELIFECYCLE  Command failed.
[2026-03-14T03:10:33.983Z] Dev server exited with code -15
[2026-03-14T03:10:36.967Z] Starting dev server with command: pnpm run dev
[2026-03-14T03:10:37.754Z] 
[2026-03-14T03:10:37.755Z] > renta-facil-tpymes@1.0.0 dev /home/ubuntu/renta-facil-tpymes
[2026-03-14T03:10:37.755Z] > vite --host
[2026-03-14T03:10:37.756Z] 
[2026-03-14T03:10:38.143Z] Port 5173 is in use, trying another one...
[2026-03-14T03:10:38.144Z] 
[2026-03-14T03:10:38.145Z] VITE v7.1.9  ready in 344 ms
[2026-03-14T03:10:38.145Z] 
[2026-03-14T03:10:38.145Z] ➜  Local:   http://localhost:5174/
[2026-03-14T03:10:38.146Z] ➜  Network: http://169.254.0.21:5174/
[2026-03-14T03:10:57.262Z] 11:10:57 PM [vite] (client) page reload index.html
[2026-03-14T03:13:14.047Z] Dev server process group stopped
[2026-03-14T03:13:14.050Z] ELIFECYCLE  Command failed.
[2026-03-14T03:13:14.067Z] Dev server exited with code -15
[2026-03-14T03:13:17.052Z] Starting dev server with command: pnpm run dev
[2026-03-14T03:13:17.873Z] 
[2026-03-14T03:13:17.874Z] > renta-facil-tpymes@1.0.0 dev /home/ubuntu/renta-facil-tpymes
[2026-03-14T03:13:17.875Z] > vite --host
[2026-03-14T03:13:17.875Z] 
[2026-03-14T03:13:18.280Z] 
[2026-03-14T03:13:18.281Z] VITE v7.1.9  ready in 354 ms
[2026-03-14T03:13:18.282Z] 
[2026-03-14T03:13:18.282Z] ➜  Local:   http://localhost:5173/
[2026-03-14T03:13:18.284Z] ➜  Network: http://169.254.0.21:5173/
[2026-03-14T03:13:19.404Z] [baseline-browser-mapping] The data in this module is over two months old.  To ensure accurate Baseline data, please update: `npm i baseline-browser-mapping@latest -D`
[2026-03-14T13:03:49.000Z] Dev server process group stopped
[2026-03-14T13:03:52.006Z] Starting dev server with command: pnpm run dev
[2026-03-14T13:03:52.849Z] 
[2026-03-14T13:03:52.850Z] > renta-facil-tpymes@1.0.0 dev /home/ubuntu/renta-facil-tpymes
[2026-03-14T13:03:52.850Z] > vite --host
[2026-03-14T13:03:52.850Z] 
[2026-03-14T13:03:53.216Z] 
[2026-03-14T13:03:53.216Z] VITE v7.1.9  ready in 327 ms
[2026-03-14T13:03:53.217Z] 
[2026-03-14T13:03:53.217Z] ➜  Local:   http://localhost:5173/
[2026-03-14T13:03:53.218Z] ➜  Network: http://169.254.0.21:5173/
[2026-03-14T13:04:03.971Z] [baseline-browser-mapping] The data in this module is over two months old.  To ensure accurate Baseline data, please update: `npm i baseline-browser-mapping@latest -D`
[2026-03-14T15:19:09.306Z] 11:19:09 AM [vite] (client) hmr update /src/pages/Blog.tsx, /src/index.css
[2026-03-14T15:19:26.923Z] 11:19:26 AM [vite] (client) hmr update /src/pages/Blog.tsx, /src/index.css
[2026-03-14T15:19:26.929Z] 11:19:26 AM [vite] (client) page reload index.html
[2026-03-14T15:19:26.929Z] 11:19:26 AM [vite] (client) hmr update /src/App.tsx, /src/index.css
[2026-03-14T15:19:26.931Z] 11:19:26 AM [vite] (client) hmr update /src/index.css
[2026-03-14T15:19:26.931Z] 11:19:26 AM [vite] (client) hmr update /src/index.css
[2026-03-14T15:19:26.933Z] 11:19:26 AM [vite] (client) hmr update /src/index.css
[2026-03-14T15:19:26.933Z] 11:19:26 AM [vite] (client) hmr update /src/index.css
[2026-03-14T15:19:26.933Z] 11:19:26 AM [vite] (client) hmr update /src/index.css
[2026-03-14T15:19:26.934Z] 11:19:26 AM [vite] (client) hmr update /src/index.css
[2026-03-14T15:19:26.934Z] 11:19:26 AM [vite] (client) hmr update /src/index.css
[2026-03-14T15:19:26.934Z] 11:19:26 AM [vite] (client) hmr update /src/index.css, /src/components/ui/button.tsx
[2026-03-14T15:19:26.935Z] 11:19:26 AM [vite] (client) hmr update /src/index.css
[2026-03-14T15:19:26.935Z] 11:19:26 AM [vite] (client) hmr update /src/index.css, /src/components/ui/card.tsx
[2026-03-14T15:19:26.935Z] 11:19:26 AM [vite] (client) hmr update /src/index.css
[2026-03-14T15:19:26.936Z] 11:19:26 AM [vite] (client) hmr update /src/index.css
[2026-03-14T15:19:26.936Z] 11:19:26 AM [vite] (client) hmr update /src/index.css, /src/components/ui/checkbox.tsx
[2026-03-14T15:19:26.937Z] 11:19:26 AM [vite] (client) hmr update /src/index.css
[2026-03-14T15:19:26.937Z] 11:19:26 AM [vite] (client) hmr update /src/index.css
[2026-03-14T15:19:26.937Z] 11:19:26 AM [vite] (client) hmr update /src/index.css
[2026-03-14T15:19:26.938Z] 11:19:26 AM [vite] (client) hmr update /src/index.css, /src/components/ui/dialog.tsx
[2026-03-14T15:19:26.938Z] 11:19:26 AM [vite] (client) hmr update /src/index.css
[2026-03-14T15:19:26.938Z] 11:19:26 AM [vite] (client) hmr update /src/index.css
[2026-03-14T15:19:26.938Z] 11:19:26 AM [vite] (client) hmr update /src/index.css
[2026-03-14T15:19:26.942Z] 11:19:26 AM [vite] (client) hmr update /src/index.css
[2026-03-14T15:19:26.943Z] 11:19:26 AM [vite] (client) hmr update /src/index.css
[2026-03-14T15:19:26.943Z] 11:19:26 AM [vite] (client) hmr update /src/index.css, /src/components/ui/input.tsx
[2026-03-14T15:19:26.943Z] 11:19:26 AM [vite] (client) hmr update /src/index.css, /src/components/ui/label.tsx
[2026-03-14T15:19:26.944Z] 11:19:26 AM [vite] (client) hmr update /src/index.css
[2026-03-14T15:19:26.944Z] 11:19:26 AM [vite] (client) hmr update /src/index.css
[2026-03-14T15:19:26.944Z] 11:19:26 AM [vite] (client) hmr update /src/index.css
[2026-03-14T15:19:26.945Z] 11:19:26 AM [vite] (client) hmr update /src/index.css
[2026-03-14T15:19:26.945Z] 11:19:26 AM [vite] (client) hmr update /src/index.css
[2026-03-14T15:19:26.945Z] 11:19:26 AM [vite] (client) hmr update /src/index.css, /src/components/ui/radio-group.tsx
[2026-03-14T15:19:26.946Z] 11:19:26 AM [vite] (client) hmr update /src/index.css
[2026-03-14T15:19:26.946Z] 11:19:26 AM [vite] (client) hmr update /src/index.css
[2026-03-14T15:19:26.946Z] 11:19:26 AM [vite] (client) hmr update /src/index.css, /src/components/ui/select.tsx
[2026-03-14T15:19:26.947Z] 11:19:26 AM [vite] (client) hmr update /src/index.css
[2026-03-14T15:19:26.947Z] 11:19:26 AM [vite] (client) hmr update /src/index.css
[2026-03-14T15:19:26.947Z] 11:19:26 AM [vite] (client) hmr update /src/index.css
[2026-03-14T15:19:26.947Z] 11:19:26 AM [vite] (client) hmr update /src/index.css
[2026-03-14T15:19:26.948Z] 11:19:26 AM [vite] (client) hmr update /src/index.css
[2026-03-14T15:19:26.948Z] 11:19:26 AM [vite] (client) hmr update /src/index.css, /src/components/ui/switch.tsx
[2026-03-14T15:19:26.948Z] 11:19:26 AM [vite] (client) hmr update /src/index.css
[2026-03-14T15:19:26.949Z] 11:19:26 AM [vite] (client) hmr update /src/index.css
[2026-03-14T15:19:26.949Z] 11:19:26 AM [vite] (client) hmr update /src/index.css
[2026-03-14T15:19:26.949Z] 11:19:26 AM [vite] (client) hmr update /src/index.css
[2026-03-14T15:19:26.950Z] 11:19:26 AM [vite] (client) hmr update /src/index.css
[2026-03-14T15:19:26.950Z] 11:19:26 AM [vite] (client) hmr update /src/components/ui/tooltip.tsx, /src/index.css
[2026-03-14T15:19:26.950Z] 11:19:26 AM [vite] (client) hmr update /src/index.css
[2026-03-14T15:19:26.951Z] 11:19:26 AM [vite] (client) hmr update /src/index.css, /src/components/ErrorBoundary.tsx, /src/components/ui/tooltip.tsx, /src/components/ui/button.tsx, /src/components/ui/card.tsx, /src/components/ui/label.tsx, /src/components/ui/radio-group.tsx, /src/components/ui/switch.tsx, /src/components/ui/select.tsx, /src/components/ui/input.tsx, /src/components/ui/checkbox.tsx, /src/components/ui/dialog.tsx
[2026-03-14T15:19:26.951Z] 11:19:26 AM [vite] (client) page reload src/main.tsx
[2026-03-14T15:19:26.951Z] 11:19:26 AM [vite] vite.config.ts changed, restarting server...
[2026-03-14T15:19:26.997Z] 11:19:26 AM [vite] (client) Re-optimizing dependencies because vite config has changed
[2026-03-14T15:19:27.018Z] 11:19:27 AM [vite] server restarted.
[2026-03-14T15:19:27.079Z] (!) Failed to run dependency scan. Skipping dependency pre-bundling. Error: The following dependencies are imported but could not be resolved:
[2026-03-14T15:19:27.080Z] 
[2026-03-14T15:19:27.080Z] @tanstack/react-query (imported by /home/ubuntu/renta-facil-tpymes/client/src/lib/queryClient.ts)
[2026-03-14T15:19:27.080Z] @radix-ui/react-toast (imported by /home/ubuntu/renta-facil-tpymes/client/src/components/ui/toast.tsx)
[2026-03-14T15:19:27.081Z] 
[2026-03-14T15:19:27.081Z] Are they installed?
[2026-03-14T15:19:27.081Z] at file:///home/ubuntu/renta-facil-tpymes/node_modules/.pnpm/vite@7.1.9_@types+node@24.7.0_jiti@2.6.1_lightningcss@1.30.1_tsx@4.20.6/node_modules/vite/dist/node/chunks/dep-Chhhsdoe.js:10939:33
[2026-03-14T15:19:27.082Z] at process.processTicksAndRejections (node:internal/process/task_queues:105:5)
[2026-03-14T15:19:27.082Z] at async file:///home/ubuntu/renta-facil-tpymes/node_modules/.pnpm/vite@7.1.9_@types+node@24.7.0_jiti@2.6.1_lightningcss@1.30.1_tsx@4.20.6/node_modules/vite/dist/node/chunks/dep-Chhhsdoe.js:34464:15
[2026-03-14T15:24:33.021Z] Dev server process group stopped
[2026-03-14T15:24:33.024Z] ELIFECYCLE  Command failed.
[2026-03-14T15:24:33.053Z] Dev server exited with code -15
[2026-03-14T15:24:37.258Z] Starting dev server with command: pnpm run dev
[2026-03-14T15:24:38.061Z] 
[2026-03-14T15:24:38.062Z] > renta-facil-tpymes@1.0.0 dev /home/ubuntu/renta-facil-tpymes
[2026-03-14T15:24:38.062Z] > vite --host
[2026-03-14T15:24:38.063Z] 
[2026-03-14T15:24:38.467Z] 11:24:38 AM [vite] (client) Re-optimizing dependencies because vite config has changed
[2026-03-14T15:24:38.510Z] 
[2026-03-14T15:24:38.511Z] VITE v7.1.9  ready in 406 ms
[2026-03-14T15:24:38.512Z] 
[2026-03-14T15:24:38.513Z] ➜  Local:   http://localhost:5173/
[2026-03-14T15:24:38.514Z] ➜  Network: http://169.254.0.21:5173/
[2026-03-14T15:24:45.594Z] [baseline-browser-mapping] The data in this module is over two months old.  To ensure accurate Baseline data, please update: `npm i baseline-browser-mapping@latest -D`
[2026-03-14T16:53:23.378Z] Dev server process group stopped
[2026-03-14T16:53:23.380Z] ELIFECYCLE  Command failed.
[2026-03-14T16:53:23.610Z] Dev server exited with code -15
[2026-03-14T16:53:26.615Z] Starting dev server with command: pnpm run dev
[2026-03-14T16:53:27.669Z] 
[2026-03-14T16:53:27.670Z] > renta-facil-tpymes@1.0.0 dev /home/ubuntu/renta-facil-tpymes
[2026-03-14T16:53:27.671Z] > vite --host
[2026-03-14T16:53:27.671Z] 
[2026-03-14T16:53:28.760Z] 12:53:28 PM [vite] (client) Re-optimizing dependencies because lockfile has changed
[2026-03-14T16:53:28.783Z] 
[2026-03-14T16:53:28.784Z] VITE v7.3.1  ready in 1069 ms
[2026-03-14T16:53:28.784Z] 
[2026-03-14T16:53:28.785Z] ➜  Local:   http://localhost:5173/
[2026-03-14T16:53:28.786Z] ➜  Network: http://169.254.0.21:5173/
[2026-03-14T18:20:06.906Z] 2:20:06 PM [vite] (client) page reload index.html
[2026-03-14T18:20:07.227Z] 2:20:07 PM [vite] (client) hmr update /src/App.tsx, /src/index.css
[2026-03-14T18:20:07.234Z] 2:20:07 PM [vite] (client) hmr update /src/index.css, /src/components/ui/button.tsx
[2026-03-14T18:20:07.235Z] 2:20:07 PM [vite] (client) hmr update /src/index.css, /src/components/ui/card.tsx
[2026-03-14T18:20:07.235Z] 2:20:07 PM [vite] (client) hmr update /src/index.css, /src/components/ui/checkbox.tsx
[2026-03-14T18:20:07.236Z] 2:20:07 PM [vite] (client) hmr update /src/index.css, /src/components/ui/dialog.tsx
[2026-03-14T18:20:07.245Z] 2:20:07 PM [vite] (client) hmr update /src/index.css, /src/components/ui/input.tsx
[2026-03-14T18:20:07.246Z] 2:20:07 PM [vite] (client) hmr update /src/index.css, /src/components/ui/label.tsx
[2026-03-14T18:20:07.247Z] 2:20:07 PM [vite] (client) hmr update /src/index.css, /src/components/ui/radio-group.tsx
[2026-03-14T18:20:07.249Z] 2:20:07 PM [vite] (client) hmr update /src/index.css, /src/components/ui/switch.tsx
[2026-03-14T18:20:07.252Z] 2:20:07 PM [vite] (client) hmr update /src/components/ui/tooltip.tsx, /src/index.css
[2026-03-14T18:20:07.253Z] 2:20:07 PM [vite] (client) hmr update /src/index.css, /src/components/ErrorBoundary.tsx, /src/components/ui/tooltip.tsx, /src/components/ui/button.tsx, /src/components/ui/card.tsx, /src/components/ui/label.tsx, /src/components/ui/radio-group.tsx, /src/components/ui/switch.tsx, /src/components/ui/select.tsx, /src/components/ui/input.tsx, /src/components/ui/checkbox.tsx, /src/components/ui/dialog.tsx
[2026-03-14T18:20:07.254Z] 2:20:07 PM [vite] vite.config.ts changed, restarting server...
[2026-03-14T18:20:07.340Z] 2:20:07 PM [vite] (client) Re-optimizing dependencies because vite config has changed
[2026-03-14T18:20:07.356Z] 2:20:07 PM [vite] server restarted.
[2026-03-14T18:26:08.791Z] Dev server process group stopped
[2026-03-14T18:26:08.794Z] ELIFECYCLE  Command failed.
[2026-03-14T18:26:08.870Z] Dev server exited with code -15
[2026-03-14T18:26:11.796Z] Starting dev server with command: pnpm run dev
[2026-03-14T18:26:12.210Z] 
[2026-03-14T18:26:12.211Z] > rest-express@1.0.0 dev /home/ubuntu/renta-facil-tpymes
[2026-03-14T18:26:12.211Z] > tsx server/index.ts
[2026-03-14T18:26:12.212Z] 
[2026-03-14T18:26:14.002Z] 2:26:14 PM [vite] (client) Re-optimizing dependencies because lockfile has changed
[2026-03-14T18:26:14.163Z] 2:26:14 PM [express] serving on port 5000
[2026-03-14T18:26:15.603Z] Error: The following dependencies are imported but could not be resolved:
[2026-03-14T18:26:15.604Z] 
[2026-03-14T18:26:15.604Z] @/components/ui/toaster (imported by /home/ubuntu/renta-facil-tpymes/client/src/App.tsx)
[2026-03-14T18:26:15.605Z] @/components/ui/tooltip (imported by /home/ubuntu/renta-facil-tpymes/client/src/App.tsx)
[2026-03-14T18:26:15.605Z] @/pages/Home (imported by /home/ubuntu/renta-facil-tpymes/client/src/App.tsx)
[2026-03-14T18:26:15.606Z] @/pages/Simulador (imported by /home/ubuntu/renta-facil-tpymes/client/src/App.tsx)
[2026-03-14T18:26:15.606Z] @/pages/Triage (imported by /home/ubuntu/renta-facil-tpymes/client/src/App.tsx)
[2026-03-14T18:26:15.606Z] @/pages/Blog (imported by /home/ubuntu/renta-facil-tpymes/client/src/App.tsx)
[2026-03-14T18:26:15.606Z] @/pages/BlogArticle (imported by /home/ubuntu/renta-facil-tpymes/client/src/App.tsx)
[2026-03-14T18:26:15.607Z] @/pages/AvisoLegal (imported by /home/ubuntu/renta-facil-tpymes/client/src/App.tsx)
[2026-03-14T18:26:15.607Z] @/pages/PoliticaPrivacidad (imported by /home/ubuntu/renta-facil-tpymes/client/src/App.tsx)
[2026-03-14T18:26:15.607Z] @/pages/PoliticaCookies (imported by /home/ubuntu/renta-facil-tpymes/client/src/App.tsx)
[2026-03-14T18:26:15.608Z] @/pages/NotFound (imported by /home/ubuntu/renta-facil-tpymes/client/src/App.tsx)
[2026-03-14T18:26:15.608Z] 
[2026-03-14T18:26:15.608Z] Are they installed?
[2026-03-14T18:26:15.609Z] at <anonymous> (/home/ubuntu/renta-facil-tpymes/node_modules/.pnpm/vite@6.4.1_@types+node@22.19.15_jiti@1.21.7_lightningcss@1.31.1_tsx@4.21.0/node_modules/vite/dist/node/chunks/dep-D4NMHUTW.js:14849:15)
[2026-03-14T18:26:15.609Z] at process.processTicksAndRejections (node:internal/process/task_queues:105:5)
[2026-03-14T18:26:15.609Z] at async <anonymous> (/home/ubuntu/renta-facil-tpymes/node_modules/.pnpm/vite@6.4.1_@types+node@22.19.15_jiti@1.21.7_lightningcss@1.31.1_tsx@4.21.0/node_modules/vite/dist/node/chunks/dep-D4NMHUTW.js:47014:28)
[2026-03-14T18:27:15.143Z] Dev server process group stopped
[2026-03-14T18:27:15.163Z] ELIFECYCLE  Command failed.
[2026-03-14T18:27:15.196Z] Dev server exited with code -15
[2026-03-14T18:27:18.148Z] Starting dev server with command: pnpm run dev
[2026-03-14T18:27:18.602Z] 
[2026-03-14T18:27:18.603Z] > rest-express@1.0.0 dev /home/ubuntu/renta-facil-tpymes
[2026-03-14T18:27:18.604Z] > tsx server/index.ts
[2026-03-14T18:27:18.604Z] 
[2026-03-14T18:27:19.880Z] 2:27:19 PM [vite] (client) Re-optimizing dependencies because lockfile has changed
[2026-03-14T18:27:19.901Z] 2:27:19 PM [express] serving on port 5000
[2026-03-14T18:27:20.337Z] Error: The following dependencies are imported but could not be resolved:
[2026-03-14T18:27:20.338Z] 
[2026-03-14T18:27:20.338Z] @/components/ui/toaster (imported by /home/ubuntu/renta-facil-tpymes/client/src/App.tsx)
[2026-03-14T18:27:20.338Z] @/components/ui/tooltip (imported by /home/ubuntu/renta-facil-tpymes/client/src/App.tsx)
[2026-03-14T18:27:20.339Z] @/pages/Home (imported by /home/ubuntu/renta-facil-tpymes/client/src/App.tsx)
[2026-03-14T18:27:20.339Z] @/pages/Simulador (imported by /home/ubuntu/renta-facil-tpymes/client/src/App.tsx)
[2026-03-14T18:27:20.339Z] @/pages/Triage (imported by /home/ubuntu/renta-facil-tpymes/client/src/App.tsx)
[2026-03-14T18:27:20.339Z] @/pages/Blog (imported by /home/ubuntu/renta-facil-tpymes/client/src/App.tsx)
[2026-03-14T18:27:20.340Z] @/pages/BlogArticle (imported by /home/ubuntu/renta-facil-tpymes/client/src/App.tsx)
[2026-03-14T18:27:20.340Z] @/pages/AvisoLegal (imported by /home/ubuntu/renta-facil-tpymes/client/src/App.tsx)
[2026-03-14T18:27:20.340Z] @/pages/PoliticaPrivacidad (imported by /home/ubuntu/renta-facil-tpymes/client/src/App.tsx)
[2026-03-14T18:27:20.341Z] @/pages/PoliticaCookies (imported by /home/ubuntu/renta-facil-tpymes/client/src/App.tsx)
[2026-03-14T18:27:20.341Z] @/pages/NotFound (imported by /home/ubuntu/renta-facil-tpymes/client/src/App.tsx)
[2026-03-14T18:27:20.341Z] 
[2026-03-14T18:27:20.342Z] Are they installed?
[2026-03-14T18:27:20.342Z] at <anonymous> (/home/ubuntu/renta-facil-tpymes/node_modules/.pnpm/vite@6.4.1_@types+node@22.19.15_jiti@2.6.1_lightningcss@1.31.1_tsx@4.21.0/node_modules/vite/dist/node/chunks/dep-D4NMHUTW.js:14849:15)
[2026-03-14T18:27:20.342Z] at process.processTicksAndRejections (node:internal/process/task_queues:105:5)
[2026-03-14T18:27:20.343Z] at async <anonymous> (/home/ubuntu/renta-facil-tpymes/node_modules/.pnpm/vite@6.4.1_@types+node@22.19.15_jiti@2.6.1_lightningcss@1.31.1_tsx@4.21.0/node_modules/vite/dist/node/chunks/dep-D4NMHUTW.js:47014:28)
[2026-03-14T18:27:20.629Z] 2:27:20 PM [vite] (client) Pre-transform error: Failed to resolve import "@/components/ui/toaster" from "client/src/App.tsx". Does the file exist?
[2026-03-14T18:27:20.630Z] Plugin: vite:import-analysis
[2026-03-14T18:27:20.631Z] File: /home/ubuntu/renta-facil-tpymes/client/src/App.tsx:4:24
[2026-03-14T18:27:20.631Z] 2  |  import { queryClient } from "./lib/queryClient";
[2026-03-14T18:27:20.631Z] 3  |  import { QueryClientProvider } from "@tanstack/react-query";
[2026-03-14T18:27:20.632Z] 4  |  import { Toaster } from "@/components/ui/toaster";
[2026-03-14T18:27:20.632Z] |                           ^
[2026-03-14T18:27:20.633Z] 5  |  import { TooltipProvider } from "@/components/ui/tooltip";
[2026-03-14T18:27:20.633Z] 6  |  import Home from "@/pages/Home";
[2026-03-14T18:27:20.707Z] 2:27:20 PM [vite] Internal server error: Failed to resolve import "@/components/ui/toaster" from "client/src/App.tsx". Does the file exist?
[2026-03-14T18:27:20.708Z] Plugin: vite:import-analysis
[2026-03-14T18:27:20.709Z] File: /home/ubuntu/renta-facil-tpymes/client/src/App.tsx:4:24
[2026-03-14T18:27:20.709Z] 2  |  import { queryClient } from "./lib/queryClient";
[2026-03-14T18:27:20.709Z] 3  |  import { QueryClientProvider } from "@tanstack/react-query";
[2026-03-14T18:27:20.710Z] 4  |  import { Toaster } from "@/components/ui/toaster";
[2026-03-14T18:27:20.710Z] |                           ^
[2026-03-14T18:27:20.710Z] 5  |  import { TooltipProvider } from "@/components/ui/tooltip";
[2026-03-14T18:27:20.711Z] 6  |  import Home from "@/pages/Home";
[2026-03-14T18:27:20.711Z] at TransformPluginContext._formatLog (/home/ubuntu/renta-facil-tpymes/node_modules/.pnpm/vite@6.4.1_@types+node@22.19.15_jiti@2.6.1_lightningcss@1.31.1_tsx@4.21.0/node_modules/vite/dist/node/chunks/dep-D4NMHUTW.js:42528:41)
[2026-03-14T18:27:20.711Z] at TransformPluginContext.error (/home/ubuntu/renta-facil-tpymes/node_modules/.pnpm/vite@6.4.1_@types+node@22.19.15_jiti@2.6.1_lightningcss@1.31.1_tsx@4.21.0/node_modules/vite/dist/node/chunks/dep-D4NMHUTW.js:42525:16)
[2026-03-14T18:27:20.712Z] at normalizeUrl (/home/ubuntu/renta-facil-tpymes/node_modules/.pnpm/vite@6.4.1_@types+node@22.19.15_jiti@2.6.1_lightningcss@1.31.1_tsx@4.21.0/node_modules/vite/dist/node/chunks/dep-D4NMHUTW.js:40504:23)
[2026-03-14T18:27:20.712Z] at process.processTicksAndRejections (node:internal/process/task_queues:105:5)
[2026-03-14T18:27:20.712Z] at async <anonymous> (/home/ubuntu/renta-facil-tpymes/node_modules/.pnpm/vite@6.4.1_@types+node@22.19.15_jiti@2.6.1_lightningcss@1.31.1_tsx@4.21.0/node_modules/vite/dist/node/chunks/dep-D4NMHUTW.js:40623:37)
[2026-03-14T18:27:20.712Z] at async Promise.all (index 3)
[2026-03-14T18:27:20.713Z] at async TransformPluginContext.transform (/home/ubuntu/renta-facil-tpymes/node_modules/.pnpm/vite@6.4.1_@types+node@22.19.15_jiti@2.6.1_lightningcss@1.31.1_tsx@4.21.0/node_modules/vite/dist/node/chunks/dep-D4NMHUTW.js:40550:7)
[2026-03-14T18:27:20.713Z] at async EnvironmentPluginContainer.transform (/home/ubuntu/renta-facil-tpymes/node_modules/.pnpm/vite@6.4.1_@types+node@22.19.15_jiti@2.6.1_lightningcss@1.31.1_tsx@4.21.0/node_modules/vite/dist/node/chunks/dep-D4NMHUTW.js:42323:18)
[2026-03-14T18:27:20.714Z] at async loadAndTransform (/home/ubuntu/renta-facil-tpymes/node_modules/.pnpm/vite@6.4.1_@types+node@22.19.15_jiti@2.6.1_lightningcss@1.31.1_tsx@4.21.0/node_modules/vite/dist/node/chunks/dep-D4NMHUTW.js:35739:27)
[2026-03-14T18:27:20.715Z] at async viteTransformMiddleware (/home/ubuntu/renta-facil-tpymes/node_modules/.pnpm/vite@6.4.1_@types+node@22.19.15_jiti@2.6.1_lightningcss@1.31.1_tsx@4.21.0/node_modules/vite/dist/node/chunks/dep-D4NMHUTW.js:37254:24)
[2026-03-14T18:27:20.721Z] Unable to resolve `@import "tw-animate-css"` from /home/ubuntu/renta-facil-tpymes/client/src
[2026-03-14T18:27:20.722Z] 2:27:20 PM [vite] Internal server error: [postcss] ENOENT: no such file or directory, open 'tw-animate-css'
[2026-03-14T18:27:20.722Z] Plugin: vite:css
[2026-03-14T18:27:20.723Z] File: /home/ubuntu/renta-facil-tpymes/client/src/index.css:undefined:NaN
[2026-03-14T18:27:20.724Z] at async open (node:internal/fs/promises:638:25)
[2026-03-14T18:27:20.725Z] at async Object.readFile (node:internal/fs/promises:1242:14)
[2026-03-14T18:27:20.725Z] at async Object.load (/home/ubuntu/renta-facil-tpymes/node_modules/.pnpm/vite@6.4.1_@types+node@22.19.15_jiti@2.6.1_lightningcss@1.31.1_tsx@4.21.0/node_modules/vite/dist/node/chunks/dep-D4NMHUTW.js:43756:25)
[2026-03-14T18:27:20.726Z] at async loadImportContent (file:///home/ubuntu/renta-facil-tpymes/node_modules/.pnpm/vite@6.4.1_@types+node@22.19.15_jiti@2.6.1_lightningcss@1.31.1_tsx@4.21.0/node_modules/vite/dist/node/chunks/dep-C9BXG1mU.js:673:19)
[2026-03-14T18:27:20.727Z] at async Promise.all (index 0)
[2026-03-14T18:27:20.727Z] at async resolveImportId (file:///home/ubuntu/renta-facil-tpymes/node_modules/.pnpm/vite@6.4.1_@types+node@22.19.15_jiti@2.6.1_lightningcss@1.31.1_tsx@4.21.0/node_modules/vite/dist/node/chunks/dep-C9BXG1mU.js:629:27)
[2026-03-14T18:27:20.728Z] at async parseStyles$1 (file:///home/ubuntu/renta-facil-tpymes/node_modules/.pnpm/vite@6.4.1_@types+node@22.19.15_jiti@2.6.1_lightningcss@1.31.1_tsx@4.21.0/node_modules/vite/dist/node/chunks/dep-C9BXG1mU.js:537:5)
[2026-03-14T18:27:20.728Z] at async Object.Once (file:///home/ubuntu/renta-facil-tpymes/node_modules/.pnpm/vite@6.4.1_@types+node@22.19.15_jiti@2.6.1_lightningcss@1.31.1_tsx@4.21.0/node_modules/vite/dist/node/chunks/dep-C9BXG1mU.js:794:22)
[2026-03-14T18:27:20.729Z] at async LazyResult.runAsync (/home/ubuntu/renta-facil-tpymes/node_modules/.pnpm/postcss@8.5.8/node_modules/postcss/lib/lazy-result.js:293:11)
[2026-03-14T18:27:20.729Z] at async runPostCSS (/home/ubuntu/renta-facil-tpymes/node_modules/.pnpm/vite@6.4.1_@types+node@22.19.15_jiti@2.6.1_lightningcss@1.31.1_tsx@4.21.0/node_modules/vite/dist/node/chunks/dep-D4NMHUTW.js:43853:21)
[2026-03-14T18:27:20.729Z] 2:27:20 PM [vite] (client) Pre-transform error: [postcss] ENOENT: no such file or directory, open 'tw-animate-css'
[2026-03-14T18:27:20.730Z] Plugin: vite:css
[2026-03-14T18:27:20.730Z] File: /home/ubuntu/renta-facil-tpymes/client/src/index.css:undefined:NaN
[2026-03-14T18:27:21.072Z] 2:27:21 PM [vite] (client) ✨ new dependencies optimized: react-dom/client, wouter, @tanstack/react-query
[2026-03-14T18:27:37.463Z] Dev server process group stopped
[2026-03-14T18:27:37.482Z] ELIFECYCLE  Command failed.
[2026-03-14T18:27:37.522Z] Dev server exited with code -15
[2026-03-14T18:27:40.468Z] Starting dev server with command: pnpm run dev
[2026-03-14T18:27:40.889Z] 
[2026-03-14T18:27:40.889Z] > rest-express@1.0.0 dev /home/ubuntu/renta-facil-tpymes
[2026-03-14T18:27:40.890Z] > tsx server/index.ts
[2026-03-14T18:27:40.890Z] 
[2026-03-14T18:27:42.081Z] 2:27:42 PM [vite] (client) Re-optimizing dependencies because lockfile has changed
[2026-03-14T18:27:42.098Z] 2:27:42 PM [express] serving on port 5000
[2026-03-14T18:27:42.472Z] Error: The following dependencies are imported but could not be resolved:
[2026-03-14T18:27:42.473Z] 
[2026-03-14T18:27:42.473Z] @/components/ui/toaster (imported by /home/ubuntu/renta-facil-tpymes/client/src/App.tsx)
[2026-03-14T18:27:42.474Z] @/components/ui/tooltip (imported by /home/ubuntu/renta-facil-tpymes/client/src/App.tsx)
[2026-03-14T18:27:42.474Z] @/pages/Home (imported by /home/ubuntu/renta-facil-tpymes/client/src/App.tsx)
[2026-03-14T18:27:42.474Z] @/pages/Simulador (imported by /home/ubuntu/renta-facil-tpymes/client/src/App.tsx)
[2026-03-14T18:27:42.475Z] @/pages/Triage (imported by /home/ubuntu/renta-facil-tpymes/client/src/App.tsx)
[2026-03-14T18:27:42.475Z] @/pages/Blog (imported by /home/ubuntu/renta-facil-tpymes/client/src/App.tsx)
[2026-03-14T18:27:42.475Z] @/pages/BlogArticle (imported by /home/ubuntu/renta-facil-tpymes/client/src/App.tsx)
[2026-03-14T18:27:42.476Z] @/pages/AvisoLegal (imported by /home/ubuntu/renta-facil-tpymes/client/src/App.tsx)
[2026-03-14T18:27:42.476Z] @/pages/PoliticaPrivacidad (imported by /home/ubuntu/renta-facil-tpymes/client/src/App.tsx)
[2026-03-14T18:27:42.476Z] @/pages/PoliticaCookies (imported by /home/ubuntu/renta-facil-tpymes/client/src/App.tsx)
[2026-03-14T18:27:42.476Z] @/pages/NotFound (imported by /home/ubuntu/renta-facil-tpymes/client/src/App.tsx)
[2026-03-14T18:27:42.477Z] 
[2026-03-14T18:27:42.477Z] Are they installed?
[2026-03-14T18:27:42.477Z] at <anonymous> (/home/ubuntu/renta-facil-tpymes/node_modules/.pnpm/vite@6.4.1_@types+node@22.19.15_jiti@2.6.1_lightningcss@1.31.1_tsx@4.21.0/node_modules/vite/dist/node/chunks/dep-D4NMHUTW.js:14849:15)
[2026-03-14T18:27:42.478Z] at process.processTicksAndRejections (node:internal/process/task_queues:105:5)
[2026-03-14T18:27:42.478Z] at async <anonymous> (/home/ubuntu/renta-facil-tpymes/node_modules/.pnpm/vite@6.4.1_@types+node@22.19.15_jiti@2.6.1_lightningcss@1.31.1_tsx@4.21.0/node_modules/vite/dist/node/chunks/dep-D4NMHUTW.js:47014:28)
[2026-03-14T18:27:42.704Z] 2:27:42 PM [vite] (client) Pre-transform error: Failed to resolve import "@/components/ui/toaster" from "client/src/App.tsx". Does the file exist?
[2026-03-14T18:27:42.705Z] Plugin: vite:import-analysis
[2026-03-14T18:27:42.705Z] File: /home/ubuntu/renta-facil-tpymes/client/src/App.tsx:4:24
[2026-03-14T18:27:42.706Z] 2  |  import { queryClient } from "./lib/queryClient";
[2026-03-14T18:27:42.706Z] 3  |  import { QueryClientProvider } from "@tanstack/react-query";
[2026-03-14T18:27:42.706Z] 4  |  import { Toaster } from "@/components/ui/toaster";
[2026-03-14T18:27:42.707Z] |                           ^
[2026-03-14T18:27:42.707Z] 5  |  import { TooltipProvider } from "@/components/ui/tooltip";
[2026-03-14T18:27:42.707Z] 6  |  import Home from "@/pages/Home";
[2026-03-14T18:27:42.728Z] 2:27:42 PM [vite] Internal server error: Failed to resolve import "@/components/ui/toaster" from "client/src/App.tsx". Does the file exist?
[2026-03-14T18:27:42.729Z] Plugin: vite:import-analysis
[2026-03-14T18:27:42.730Z] File: /home/ubuntu/renta-facil-tpymes/client/src/App.tsx:4:24
[2026-03-14T18:27:42.730Z] 2  |  import { queryClient } from "./lib/queryClient";
[2026-03-14T18:27:42.731Z] 3  |  import { QueryClientProvider } from "@tanstack/react-query";
[2026-03-14T18:27:42.732Z] 4  |  import { Toaster } from "@/components/ui/toaster";
[2026-03-14T18:27:42.732Z] |                           ^
[2026-03-14T18:27:42.732Z] 5  |  import { TooltipProvider } from "@/components/ui/tooltip";
[2026-03-14T18:27:42.733Z] 6  |  import Home from "@/pages/Home";
[2026-03-14T18:27:42.733Z] at TransformPluginContext._formatLog (/home/ubuntu/renta-facil-tpymes/node_modules/.pnpm/vite@6.4.1_@types+node@22.19.15_jiti@2.6.1_lightningcss@1.31.1_tsx@4.21.0/node_modules/vite/dist/node/chunks/dep-D4NMHUTW.js:42528:41)
[2026-03-14T18:27:42.734Z] at TransformPluginContext.error (/home/ubuntu/renta-facil-tpymes/node_modules/.pnpm/vite@6.4.1_@types+node@22.19.15_jiti@2.6.1_lightningcss@1.31.1_tsx@4.21.0/node_modules/vite/dist/node/chunks/dep-D4NMHUTW.js:42525:16)
[2026-03-14T18:27:42.734Z] at normalizeUrl (/home/ubuntu/renta-facil-tpymes/node_modules/.pnpm/vite@6.4.1_@types+node@22.19.15_jiti@2.6.1_lightningcss@1.31.1_tsx@4.21.0/node_modules/vite/dist/node/chunks/dep-D4NMHUTW.js:40504:23)
[2026-03-14T18:27:42.735Z] at process.processTicksAndRejections (node:internal/process/task_queues:105:5)
[2026-03-14T18:27:42.735Z] at async <anonymous> (/home/ubuntu/renta-facil-tpymes/node_modules/.pnpm/vite@6.4.1_@types+node@22.19.15_jiti@2.6.1_lightningcss@1.31.1_tsx@4.21.0/node_modules/vite/dist/node/chunks/dep-D4NMHUTW.js:40623:37)
[2026-03-14T18:27:42.736Z] at async Promise.all (index 3)
[2026-03-14T18:27:42.736Z] at async TransformPluginContext.transform (/home/ubuntu/renta-facil-tpymes/node_modules/.pnpm/vite@6.4.1_@types+node@22.19.15_jiti@2.6.1_lightningcss@1.31.1_tsx@4.21.0/node_modules/vite/dist/node/chunks/dep-D4NMHUTW.js:40550:7)
[2026-03-14T18:27:42.736Z] at async EnvironmentPluginContainer.transform (/home/ubuntu/renta-facil-tpymes/node_modules/.pnpm/vite@6.4.1_@types+node@22.19.15_jiti@2.6.1_lightningcss@1.31.1_tsx@4.21.0/node_modules/vite/dist/node/chunks/dep-D4NMHUTW.js:42323:18)
[2026-03-14T18:27:42.737Z] at async loadAndTransform (/home/ubuntu/renta-facil-tpymes/node_modules/.pnpm/vite@6.4.1_@types+node@22.19.15_jiti@2.6.1_lightningcss@1.31.1_tsx@4.21.0/node_modules/vite/dist/node/chunks/dep-D4NMHUTW.js:35739:27)
[2026-03-14T18:27:42.737Z] at async viteTransformMiddleware (/home/ubuntu/renta-facil-tpymes/node_modules/.pnpm/vite@6.4.1_@types+node@22.19.15_jiti@2.6.1_lightningcss@1.31.1_tsx@4.21.0/node_modules/vite/dist/node/chunks/dep-D4NMHUTW.js:37254:24)
[2026-03-14T18:27:43.167Z] 2:27:43 PM [vite] (client) ✨ new dependencies optimized: react-dom/client, wouter, @tanstack/react-query
[2026-03-14T19:50:15.662Z] Dev server process group stopped
[2026-03-14T19:50:15.684Z] ELIFECYCLE  Command failed.
[2026-03-14T19:50:15.712Z] Dev server exited with code -15
[2026-03-14T19:50:18.667Z] Starting dev server with command: pnpm run dev
[2026-03-14T19:50:19.072Z] 
[2026-03-14T19:50:19.073Z] > rest-express@1.0.0 dev /home/ubuntu/renta-facil-tpymes
[2026-03-14T19:50:19.073Z] > tsx server/index.ts
[2026-03-14T19:50:19.074Z] 
[2026-03-14T19:50:20.253Z] 3:50:20 PM [express] serving on port 5000
[2026-03-14T19:50:20.705Z] Error: The following dependencies are imported but could not be resolved:
[2026-03-14T19:50:20.707Z] 
[2026-03-14T19:50:20.707Z] @/components/ui/toaster (imported by /home/ubuntu/renta-facil-tpymes/client/src/App.tsx)
[2026-03-14T19:50:20.708Z] @/components/ui/tooltip (imported by /home/ubuntu/renta-facil-tpymes/client/src/App.tsx)
[2026-03-14T19:50:20.708Z] @/pages/Home (imported by /home/ubuntu/renta-facil-tpymes/client/src/App.tsx)
[2026-03-14T19:50:20.709Z] @/pages/Simulador (imported by /home/ubuntu/renta-facil-tpymes/client/src/App.tsx)
[2026-03-14T19:50:20.710Z] @/pages/Triage (imported by /home/ubuntu/renta-facil-tpymes/client/src/App.tsx)
[2026-03-14T19:50:20.711Z] @/pages/Blog (imported by /home/ubuntu/renta-facil-tpymes/client/src/App.tsx)
[2026-03-14T19:50:20.712Z] @/pages/BlogArticle (imported by /home/ubuntu/renta-facil-tpymes/client/src/App.tsx)
[2026-03-14T19:50:20.712Z] @/pages/AvisoLegal (imported by /home/ubuntu/renta-facil-tpymes/client/src/App.tsx)
[2026-03-14T19:50:20.713Z] @/pages/PoliticaPrivacidad (imported by /home/ubuntu/renta-facil-tpymes/client/src/App.tsx)
[2026-03-14T19:50:20.713Z] @/pages/PoliticaCookies (imported by /home/ubuntu/renta-facil-tpymes/client/src/App.tsx)
[2026-03-14T19:50:20.713Z] @/pages/NotFound (imported by /home/ubuntu/renta-facil-tpymes/client/src/App.tsx)
[2026-03-14T19:50:20.714Z] 
[2026-03-14T19:50:20.717Z] Are they installed?
[2026-03-14T19:50:20.718Z] at <anonymous> (/home/ubuntu/renta-facil-tpymes/node_modules/.pnpm/vite@6.4.1_@types+node@22.19.15_jiti@2.6.1_lightningcss@1.31.1_tsx@4.21.0/node_modules/vite/dist/node/chunks/dep-D4NMHUTW.js:14849:15)
[2026-03-14T19:50:20.720Z] at process.processTicksAndRejections (node:internal/process/task_queues:105:5)
[2026-03-14T19:50:20.721Z] at async <anonymous> (/home/ubuntu/renta-facil-tpymes/node_modules/.pnpm/vite@6.4.1_@types+node@22.19.15_jiti@2.6.1_lightningcss@1.31.1_tsx@4.21.0/node_modules/vite/dist/node/chunks/dep-D4NMHUTW.js:47014:28)
[2026-03-14T19:50:20.965Z] 3:50:20 PM [vite] (client) Pre-transform error: Failed to resolve import "@/components/ui/toaster" from "client/src/App.tsx". Does the file exist?
[2026-03-14T19:50:20.966Z] Plugin: vite:import-analysis
[2026-03-14T19:50:20.967Z] File: /home/ubuntu/renta-facil-tpymes/client/src/App.tsx:4:24
[2026-03-14T19:50:20.967Z] 2  |  import { queryClient } from "./lib/queryClient";
[2026-03-14T19:50:20.967Z] 3  |  import { QueryClientProvider } from "@tanstack/react-query";
[2026-03-14T19:50:20.968Z] 4  |  import { Toaster } from "@/components/ui/toaster";
[2026-03-14T19:50:20.968Z] |                           ^
[2026-03-14T19:50:20.968Z] 5  |  import { TooltipProvider } from "@/components/ui/tooltip";
[2026-03-14T19:50:20.969Z] 6  |  import Home from "@/pages/Home";
[2026-03-14T19:50:20.986Z] 3:50:20 PM [vite] Internal server error: Failed to resolve import "@/components/ui/toaster" from "client/src/App.tsx". Does the file exist?
[2026-03-14T19:50:20.987Z] Plugin: vite:import-analysis
[2026-03-14T19:50:20.987Z] File: /home/ubuntu/renta-facil-tpymes/client/src/App.tsx:4:24
[2026-03-14T19:50:20.988Z] 2  |  import { queryClient } from "./lib/queryClient";
[2026-03-14T19:50:20.988Z] 3  |  import { QueryClientProvider } from "@tanstack/react-query";
[2026-03-14T19:50:20.988Z] 4  |  import { Toaster } from "@/components/ui/toaster";
[2026-03-14T19:50:20.989Z] |                           ^
[2026-03-14T19:50:20.989Z] 5  |  import { TooltipProvider } from "@/components/ui/tooltip";
[2026-03-14T19:50:20.989Z] 6  |  import Home from "@/pages/Home";
[2026-03-14T19:50:20.990Z] at TransformPluginContext._formatLog (/home/ubuntu/renta-facil-tpymes/node_modules/.pnpm/vite@6.4.1_@types+node@22.19.15_jiti@2.6.1_lightningcss@1.31.1_tsx@4.21.0/node_modules/vite/dist/node/chunks/dep-D4NMHUTW.js:42528:41)
[2026-03-14T19:50:20.990Z] at TransformPluginContext.error (/home/ubuntu/renta-facil-tpymes/node_modules/.pnpm/vite@6.4.1_@types+node@22.19.15_jiti@2.6.1_lightningcss@1.31.1_tsx@4.21.0/node_modules/vite/dist/node/chunks/dep-D4NMHUTW.js:42525:16)
[2026-03-14T19:50:20.990Z] at normalizeUrl (/home/ubuntu/renta-facil-tpymes/node_modules/.pnpm/vite@6.4.1_@types+node@22.19.15_jiti@2.6.1_lightningcss@1.31.1_tsx@4.21.0/node_modules/vite/dist/node/chunks/dep-D4NMHUTW.js:40504:23)
[2026-03-14T19:50:20.991Z] at process.processTicksAndRejections (node:internal/process/task_queues:105:5)
[2026-03-14T19:50:20.991Z] at async <anonymous> (/home/ubuntu/renta-facil-tpymes/node_modules/.pnpm/vite@6.4.1_@types+node@22.19.15_jiti@2.6.1_lightningcss@1.31.1_tsx@4.21.0/node_modules/vite/dist/node/chunks/dep-D4NMHUTW.js:40623:37)
[2026-03-14T19:50:20.991Z] at async Promise.all (index 3)
[2026-03-14T19:50:20.992Z] at async TransformPluginContext.transform (/home/ubuntu/renta-facil-tpymes/node_modules/.pnpm/vite@6.4.1_@types+node@22.19.15_jiti@2.6.1_lightningcss@1.31.1_tsx@4.21.0/node_modules/vite/dist/node/chunks/dep-D4NMHUTW.js:40550:7)
[2026-03-14T19:50:20.993Z] at async EnvironmentPluginContainer.transform (/home/ubuntu/renta-facil-tpymes/node_modules/.pnpm/vite@6.4.1_@types+node@22.19.15_jiti@2.6.1_lightningcss@1.31.1_tsx@4.21.0/node_modules/vite/dist/node/chunks/dep-D4NMHUTW.js:42323:18)
[2026-03-14T19:50:20.993Z] at async loadAndTransform (/home/ubuntu/renta-facil-tpymes/node_modules/.pnpm/vite@6.4.1_@types+node@22.19.15_jiti@2.6.1_lightningcss@1.31.1_tsx@4.21.0/node_modules/vite/dist/node/chunks/dep-D4NMHUTW.js:35739:27)
[2026-03-14T19:50:20.994Z] at async viteTransformMiddleware (/home/ubuntu/renta-facil-tpymes/node_modules/.pnpm/vite@6.4.1_@types+node@22.19.15_jiti@2.6.1_lightningcss@1.31.1_tsx@4.21.0/node_modules/vite/dist/node/chunks/dep-D4NMHUTW.js:37254:24)
[2026-03-14T19:50:21.410Z] 3:50:21 PM [vite] (client) ✨ new dependencies optimized: react-dom/client, wouter, @tanstack/react-query
[2026-03-14T19:51:30.033Z] 3:51:30 PM [vite] Internal server error: Failed to resolve import "@/components/ui/toaster" from "client/src/App.tsx". Does the file exist?
[2026-03-14T19:51:30.034Z] Plugin: vite:import-analysis
[2026-03-14T19:51:30.034Z] File: /home/ubuntu/renta-facil-tpymes/client/src/App.tsx:4:24
[2026-03-14T19:51:30.035Z] 2  |  import { queryClient } from "./lib/queryClient";
[2026-03-14T19:51:30.035Z] 3  |  import { QueryClientProvider } from "@tanstack/react-query";
[2026-03-14T19:51:30.035Z] 4  |  import { Toaster } from "@/components/ui/toaster";
[2026-03-14T19:51:30.035Z] |                           ^
[2026-03-14T19:51:30.036Z] 5  |  import { TooltipProvider } from "@/components/ui/tooltip";
[2026-03-14T19:51:30.036Z] 6  |  import Home from "@/pages/Home";
[2026-03-14T19:51:30.038Z] at TransformPluginContext._formatLog (/home/ubuntu/renta-facil-tpymes/node_modules/.pnpm/vite@6.4.1_@types+node@22.19.15_jiti@2.6.1_lightningcss@1.31.1_tsx@4.21.0/node_modules/vite/dist/node/chunks/dep-D4NMHUTW.js:42528:41)
[2026-03-14T19:51:30.039Z] at TransformPluginContext.error (/home/ubuntu/renta-facil-tpymes/node_modules/.pnpm/vite@6.4.1_@types+node@22.19.15_jiti@2.6.1_lightningcss@1.31.1_tsx@4.21.0/node_modules/vite/dist/node/chunks/dep-D4NMHUTW.js:42525:16)
[2026-03-14T19:51:30.039Z] at normalizeUrl (/home/ubuntu/renta-facil-tpymes/node_modules/.pnpm/vite@6.4.1_@types+node@22.19.15_jiti@2.6.1_lightningcss@1.31.1_tsx@4.21.0/node_modules/vite/dist/node/chunks/dep-D4NMHUTW.js:40504:23)
[2026-03-14T19:51:30.040Z] at process.processTicksAndRejections (node:internal/process/task_queues:105:5)
[2026-03-14T19:51:30.041Z] at async <anonymous> (/home/ubuntu/renta-facil-tpymes/node_modules/.pnpm/vite@6.4.1_@types+node@22.19.15_jiti@2.6.1_lightningcss@1.31.1_tsx@4.21.0/node_modules/vite/dist/node/chunks/dep-D4NMHUTW.js:40623:37)
[2026-03-14T19:51:30.044Z] at async Promise.all (index 3)
[2026-03-14T19:51:30.046Z] at async TransformPluginContext.transform (/home/ubuntu/renta-facil-tpymes/node_modules/.pnpm/vite@6.4.1_@types+node@22.19.15_jiti@2.6.1_lightningcss@1.31.1_tsx@4.21.0/node_modules/vite/dist/node/chunks/dep-D4NMHUTW.js:40550:7)
[2026-03-14T19:51:30.046Z] at async EnvironmentPluginContainer.transform (/home/ubuntu/renta-facil-tpymes/node_modules/.pnpm/vite@6.4.1_@types+node@22.19.15_jiti@2.6.1_lightningcss@1.31.1_tsx@4.21.0/node_modules/vite/dist/node/chunks/dep-D4NMHUTW.js:42323:18)
[2026-03-14T19:51:30.048Z] at async loadAndTransform (/home/ubuntu/renta-facil-tpymes/node_modules/.pnpm/vite@6.4.1_@types+node@22.19.15_jiti@2.6.1_lightningcss@1.31.1_tsx@4.21.0/node_modules/vite/dist/node/chunks/dep-D4NMHUTW.js:35739:27)
[2026-03-14T19:51:30.049Z] at async viteTransformMiddleware (/home/ubuntu/renta-facil-tpymes/node_modules/.pnpm/vite@6.4.1_@types+node@22.19.15_jiti@2.6.1_lightningcss@1.31.1_tsx@4.21.0/node_modules/vite/dist/node/chunks/dep-D4NMHUTW.js:37254:24)
[2026-03-14T19:51:51.737Z] Dev server process group stopped
[2026-03-14T19:51:51.757Z] ELIFECYCLE  Command failed.
[2026-03-14T19:51:51.787Z] Dev server exited with code -15
[2026-03-14T19:51:54.743Z] Starting dev server with command: pnpm run dev
[2026-03-14T19:51:55.154Z] 
[2026-03-14T19:51:55.155Z] > rest-express@1.0.0 dev /home/ubuntu/renta-facil-tpymes
[2026-03-14T19:51:55.155Z] > tsx server/index.ts
[2026-03-14T19:51:55.156Z] 
[2026-03-14T19:51:56.329Z] 3:51:56 PM [express] serving on port 5000
[2026-03-14T19:51:56.675Z] Error: The following dependencies are imported but could not be resolved:
[2026-03-14T19:51:56.676Z] 
[2026-03-14T19:51:56.676Z] @/components/ui/toaster (imported by /home/ubuntu/renta-facil-tpymes/client/src/App.tsx)
[2026-03-14T19:51:56.676Z] @/components/ui/tooltip (imported by /home/ubuntu/renta-facil-tpymes/client/src/App.tsx)
[2026-03-14T19:51:56.677Z] @/pages/Home (imported by /home/ubuntu/renta-facil-tpymes/client/src/App.tsx)
[2026-03-14T19:51:56.677Z] @/pages/Simulador (imported by /home/ubuntu/renta-facil-tpymes/client/src/App.tsx)
[2026-03-14T19:51:56.677Z] @/pages/Triage (imported by /home/ubuntu/renta-facil-tpymes/client/src/App.tsx)
[2026-03-14T19:51:56.678Z] @/pages/Blog (imported by /home/ubuntu/renta-facil-tpymes/client/src/App.tsx)
[2026-03-14T19:51:56.678Z] @/pages/BlogArticle (imported by /home/ubuntu/renta-facil-tpymes/client/src/App.tsx)
[2026-03-14T19:51:56.678Z] @/pages/AvisoLegal (imported by /home/ubuntu/renta-facil-tpymes/client/src/App.tsx)
[2026-03-14T19:51:56.679Z] @/pages/PoliticaPrivacidad (imported by /home/ubuntu/renta-facil-tpymes/client/src/App.tsx)
[2026-03-14T19:51:56.679Z] @/pages/PoliticaCookies (imported by /home/ubuntu/renta-facil-tpymes/client/src/App.tsx)
[2026-03-14T19:51:56.679Z] @/pages/NotFound (imported by /home/ubuntu/renta-facil-tpymes/client/src/App.tsx)
[2026-03-14T19:51:56.680Z] 
[2026-03-14T19:51:56.680Z] Are they installed?
[2026-03-14T19:51:56.680Z] at <anonymous> (/home/ubuntu/renta-facil-tpymes/node_modules/.pnpm/vite@6.4.1_@types+node@22.19.15_jiti@2.6.1_lightningcss@1.31.1_tsx@4.21.0/node_modules/vite/dist/node/chunks/dep-D4NMHUTW.js:14849:15)
[2026-03-14T19:51:56.680Z] at process.processTicksAndRejections (node:internal/process/task_queues:105:5)
[2026-03-14T19:51:56.681Z] at async <anonymous> (/home/ubuntu/renta-facil-tpymes/node_modules/.pnpm/vite@6.4.1_@types+node@22.19.15_jiti@2.6.1_lightningcss@1.31.1_tsx@4.21.0/node_modules/vite/dist/node/chunks/dep-D4NMHUTW.js:47014:28)
[2026-03-14T19:51:56.999Z] 3:51:56 PM [vite] (client) Pre-transform error: Failed to resolve import "@/components/ui/toaster" from "client/src/App.tsx". Does the file exist?
[2026-03-14T19:51:57.000Z] Plugin: vite:import-analysis
[2026-03-14T19:51:57.001Z] File: /home/ubuntu/renta-facil-tpymes/client/src/App.tsx:4:24
[2026-03-14T19:51:57.001Z] 2  |  import { queryClient } from "./lib/queryClient";
[2026-03-14T19:51:57.002Z] 3  |  import { QueryClientProvider } from "@tanstack/react-query";
[2026-03-14T19:51:57.002Z] 4  |  import { Toaster } from "@/components/ui/toaster";
[2026-03-14T19:51:57.002Z] |                           ^
[2026-03-14T19:51:57.003Z] 5  |  import { TooltipProvider } from "@/components/ui/tooltip";
[2026-03-14T19:51:57.003Z] 6  |  import Home from "@/pages/Home";
[2026-03-14T19:51:57.017Z] 3:51:57 PM [vite] Internal server error: Failed to resolve import "@/components/ui/toaster" from "client/src/App.tsx". Does the file exist?
[2026-03-14T19:51:57.018Z] Plugin: vite:import-analysis
[2026-03-14T19:51:57.019Z] File: /home/ubuntu/renta-facil-tpymes/client/src/App.tsx:4:24
[2026-03-14T19:51:57.019Z] 2  |  import { queryClient } from "./lib/queryClient";
[2026-03-14T19:51:57.020Z] 3  |  import { QueryClientProvider } from "@tanstack/react-query";
[2026-03-14T19:51:57.020Z] 4  |  import { Toaster } from "@/components/ui/toaster";
[2026-03-14T19:51:57.020Z] |                           ^
[2026-03-14T19:51:57.021Z] 5  |  import { TooltipProvider } from "@/components/ui/tooltip";
[2026-03-14T19:51:57.021Z] 6  |  import Home from "@/pages/Home";
[2026-03-14T19:51:57.022Z] at TransformPluginContext._formatLog (/home/ubuntu/renta-facil-tpymes/node_modules/.pnpm/vite@6.4.1_@types+node@22.19.15_jiti@2.6.1_lightningcss@1.31.1_tsx@4.21.0/node_modules/vite/dist/node/chunks/dep-D4NMHUTW.js:42528:41)
[2026-03-14T19:51:57.022Z] at TransformPluginContext.error (/home/ubuntu/renta-facil-tpymes/node_modules/.pnpm/vite@6.4.1_@types+node@22.19.15_jiti@2.6.1_lightningcss@1.31.1_tsx@4.21.0/node_modules/vite/dist/node/chunks/dep-D4NMHUTW.js:42525:16)
[2026-03-14T19:51:57.022Z] at normalizeUrl (/home/ubuntu/renta-facil-tpymes/node_modules/.pnpm/vite@6.4.1_@types+node@22.19.15_jiti@2.6.1_lightningcss@1.31.1_tsx@4.21.0/node_modules/vite/dist/node/chunks/dep-D4NMHUTW.js:40504:23)
[2026-03-14T19:51:57.023Z] at process.processTicksAndRejections (node:internal/process/task_queues:105:5)
[2026-03-14T19:51:57.023Z] at async <anonymous> (/home/ubuntu/renta-facil-tpymes/node_modules/.pnpm/vite@6.4.1_@types+node@22.19.15_jiti@2.6.1_lightningcss@1.31.1_tsx@4.21.0/node_modules/vite/dist/node/chunks/dep-D4NMHUTW.js:40623:37)
[2026-03-14T19:51:57.023Z] at async Promise.all (index 3)
[2026-03-14T19:51:57.024Z] at async TransformPluginContext.transform (/home/ubuntu/renta-facil-tpymes/node_modules/.pnpm/vite@6.4.1_@types+node@22.19.15_jiti@2.6.1_lightningcss@1.31.1_tsx@4.21.0/node_modules/vite/dist/node/chunks/dep-D4NMHUTW.js:40550:7)
[2026-03-14T19:51:57.024Z] at async EnvironmentPluginContainer.transform (/home/ubuntu/renta-facil-tpymes/node_modules/.pnpm/vite@6.4.1_@types+node@22.19.15_jiti@2.6.1_lightningcss@1.31.1_tsx@4.21.0/node_modules/vite/dist/node/chunks/dep-D4NMHUTW.js:42323:18)
[2026-03-14T19:51:57.026Z] at async loadAndTransform (/home/ubuntu/renta-facil-tpymes/node_modules/.pnpm/vite@6.4.1_@types+node@22.19.15_jiti@2.6.1_lightningcss@1.31.1_tsx@4.21.0/node_modules/vite/dist/node/chunks/dep-D4NMHUTW.js:35739:27)
[2026-03-14T19:51:57.028Z] at async viteTransformMiddleware (/home/ubuntu/renta-facil-tpymes/node_modules/.pnpm/vite@6.4.1_@types+node@22.19.15_jiti@2.6.1_lightningcss@1.31.1_tsx@4.21.0/node_modules/vite/dist/node/chunks/dep-D4NMHUTW.js:37254:24)
[2026-03-14T19:51:57.444Z] 3:51:57 PM [vite] (client) ✨ new dependencies optimized: react-dom/client, wouter, @tanstack/react-query
[2026-03-14T19:53:04.959Z] Dev server process group stopped
[2026-03-14T19:53:04.978Z] ELIFECYCLE  Command failed.
[2026-03-14T19:53:04.989Z] Dev server exited with code -15
[2026-03-14T19:53:07.964Z] Starting dev server with command: pnpm run dev
[2026-03-14T19:53:08.362Z] 
[2026-03-14T19:53:08.363Z] > rest-express@1.0.0 dev /home/ubuntu/renta-facil-tpymes
[2026-03-14T19:53:08.363Z] > tsx server/index.ts
[2026-03-14T19:53:08.364Z] 
[2026-03-14T19:53:09.527Z] 3:53:09 PM [express] serving on port 5000
[2026-03-14T19:53:09.875Z] Error: The following dependencies are imported but could not be resolved:
[2026-03-14T19:53:09.876Z] 
[2026-03-14T19:53:09.877Z] @/components/ui/toaster (imported by /home/ubuntu/renta-facil-tpymes/client/src/App.tsx)
[2026-03-14T19:53:09.877Z] @/components/ui/tooltip (imported by /home/ubuntu/renta-facil-tpymes/client/src/App.tsx)
[2026-03-14T19:53:09.878Z] @/pages/Home (imported by /home/ubuntu/renta-facil-tpymes/client/src/App.tsx)
[2026-03-14T19:53:09.878Z] @/pages/Simulador (imported by /home/ubuntu/renta-facil-tpymes/client/src/App.tsx)
[2026-03-14T19:53:09.879Z] @/pages/Triage (imported by /home/ubuntu/renta-facil-tpymes/client/src/App.tsx)
[2026-03-14T19:53:09.879Z] @/pages/Blog (imported by /home/ubuntu/renta-facil-tpymes/client/src/App.tsx)
[2026-03-14T19:53:09.879Z] @/pages/BlogArticle (imported by /home/ubuntu/renta-facil-tpymes/client/src/App.tsx)
[2026-03-14T19:53:09.880Z] @/pages/AvisoLegal (imported by /home/ubuntu/renta-facil-tpymes/client/src/App.tsx)
[2026-03-14T19:53:09.880Z] @/pages/PoliticaPrivacidad (imported by /home/ubuntu/renta-facil-tpymes/client/src/App.tsx)
[2026-03-14T19:53:09.880Z] @/pages/PoliticaCookies (imported by /home/ubuntu/renta-facil-tpymes/client/src/App.tsx)
[2026-03-14T19:53:09.881Z] @/pages/NotFound (imported by /home/ubuntu/renta-facil-tpymes/client/src/App.tsx)
[2026-03-14T19:53:09.881Z] 
[2026-03-14T19:53:09.881Z] Are they installed?
[2026-03-14T19:53:09.882Z] at <anonymous> (/home/ubuntu/renta-facil-tpymes/node_modules/.pnpm/vite@6.4.1_@types+node@22.19.15_jiti@2.6.1_lightningcss@1.31.1_tsx@4.21.0/node_modules/vite/dist/node/chunks/dep-D4NMHUTW.js:14849:15)
[2026-03-14T19:53:09.882Z] at process.processTicksAndRejections (node:internal/process/task_queues:105:5)
[2026-03-14T19:53:09.883Z] at async <anonymous> (/home/ubuntu/renta-facil-tpymes/node_modules/.pnpm/vite@6.4.1_@types+node@22.19.15_jiti@2.6.1_lightningcss@1.31.1_tsx@4.21.0/node_modules/vite/dist/node/chunks/dep-D4NMHUTW.js:47014:28)
[2026-03-14T19:53:10.206Z] 3:53:10 PM [vite] (client) Pre-transform error: Failed to resolve import "@/components/ui/toaster" from "client/src/App.tsx". Does the file exist?
[2026-03-14T19:53:10.207Z] Plugin: vite:import-analysis
[2026-03-14T19:53:10.208Z] File: /home/ubuntu/renta-facil-tpymes/client/src/App.tsx:4:24
[2026-03-14T19:53:10.208Z] 2  |  import { queryClient } from "./lib/queryClient";
[2026-03-14T19:53:10.209Z] 3  |  import { QueryClientProvider } from "@tanstack/react-query";
[2026-03-14T19:53:10.209Z] 4  |  import { Toaster } from "@/components/ui/toaster";
[2026-03-14T19:53:10.210Z] |                           ^
[2026-03-14T19:53:10.210Z] 5  |  import { TooltipProvider } from "@/components/ui/tooltip";
[2026-03-14T19:53:10.211Z] 6  |  import Home from "@/pages/Home";
[2026-03-14T19:53:10.223Z] 3:53:10 PM [vite] Internal server error: Failed to resolve import "@/components/ui/toaster" from "client/src/App.tsx". Does the file exist?
[2026-03-14T19:53:10.225Z] Plugin: vite:import-analysis
[2026-03-14T19:53:10.226Z] File: /home/ubuntu/renta-facil-tpymes/client/src/App.tsx:4:24
[2026-03-14T19:53:10.226Z] 2  |  import { queryClient } from "./lib/queryClient";
[2026-03-14T19:53:10.227Z] 3  |  import { QueryClientProvider } from "@tanstack/react-query";
[2026-03-14T19:53:10.227Z] 4  |  import { Toaster } from "@/components/ui/toaster";
[2026-03-14T19:53:10.228Z] |                           ^
[2026-03-14T19:53:10.228Z] 5  |  import { TooltipProvider } from "@/components/ui/tooltip";
[2026-03-14T19:53:10.229Z] 6  |  import Home from "@/pages/Home";
[2026-03-14T19:53:10.231Z] at TransformPluginContext._formatLog (/home/ubuntu/renta-facil-tpymes/node_modules/.pnpm/vite@6.4.1_@types+node@22.19.15_jiti@2.6.1_lightningcss@1.31.1_tsx@4.21.0/node_modules/vite/dist/node/chunks/dep-D4NMHUTW.js:42528:41)
[2026-03-14T19:53:10.233Z] at TransformPluginContext.error (/home/ubuntu/renta-facil-tpymes/node_modules/.pnpm/vite@6.4.1_@types+node@22.19.15_jiti@2.6.1_lightningcss@1.31.1_tsx@4.21.0/node_modules/vite/dist/node/chunks/dep-D4NMHUTW.js:42525:16)
[2026-03-14T19:53:10.235Z] at normalizeUrl (/home/ubuntu/renta-facil-tpymes/node_modules/.pnpm/vite@6.4.1_@types+node@22.19.15_jiti@2.6.1_lightningcss@1.31.1_tsx@4.21.0/node_modules/vite/dist/node/chunks/dep-D4NMHUTW.js:40504:23)
[2026-03-14T19:53:10.236Z] at process.processTicksAndRejections (node:internal/process/task_queues:105:5)
[2026-03-14T19:53:10.236Z] at async <anonymous> (/home/ubuntu/renta-facil-tpymes/node_modules/.pnpm/vite@6.4.1_@types+node@22.19.15_jiti@2.6.1_lightningcss@1.31.1_tsx@4.21.0/node_modules/vite/dist/node/chunks/dep-D4NMHUTW.js:40623:37)
[2026-03-14T19:53:10.237Z] at async Promise.all (index 3)
[2026-03-14T19:53:10.238Z] at async TransformPluginContext.transform (/home/ubuntu/renta-facil-tpymes/node_modules/.pnpm/vite@6.4.1_@types+node@22.19.15_jiti@2.6.1_lightningcss@1.31.1_tsx@4.21.0/node_modules/vite/dist/node/chunks/dep-D4NMHUTW.js:40550:7)
[2026-03-14T19:53:10.239Z] at async EnvironmentPluginContainer.transform (/home/ubuntu/renta-facil-tpymes/node_modules/.pnpm/vite@6.4.1_@types+node@22.19.15_jiti@2.6.1_lightningcss@1.31.1_tsx@4.21.0/node_modules/vite/dist/node/chunks/dep-D4NMHUTW.js:42323:18)
[2026-03-14T19:53:10.239Z] at async loadAndTransform (/home/ubuntu/renta-facil-tpymes/node_modules/.pnpm/vite@6.4.1_@types+node@22.19.15_jiti@2.6.1_lightningcss@1.31.1_tsx@4.21.0/node_modules/vite/dist/node/chunks/dep-D4NMHUTW.js:35739:27)
[2026-03-14T19:53:10.239Z] at async viteTransformMiddleware (/home/ubuntu/renta-facil-tpymes/node_modules/.pnpm/vite@6.4.1_@types+node@22.19.15_jiti@2.6.1_lightningcss@1.31.1_tsx@4.21.0/node_modules/vite/dist/node/chunks/dep-D4NMHUTW.js:37254:24)
[2026-03-14T19:53:10.652Z] 3:53:10 PM [vite] (client) ✨ new dependencies optimized: react-dom/client, wouter, @tanstack/react-query
[2026-03-14T19:53:56.800Z] 3:53:56 PM [vite] (client) page reload src/App.tsx
[2026-03-14T19:54:04.463Z] Dev server process group stopped
[2026-03-14T19:54:04.482Z] ELIFECYCLE  Command failed.
[2026-03-14T19:54:04.507Z] Dev server exited with code -15
[2026-03-14T19:54:07.468Z] Starting dev server with command: pnpm run dev
[2026-03-14T19:54:07.859Z] 
[2026-03-14T19:54:07.860Z] > rest-express@1.0.0 dev /home/ubuntu/renta-facil-tpymes
[2026-03-14T19:54:07.861Z] > tsx server/index.ts
[2026-03-14T19:54:07.861Z] 
[2026-03-14T19:54:08.946Z] 3:54:08 PM [express] serving on port 5000
[2026-03-14T19:54:10.056Z] 3:54:10 PM [vite] Internal server error: Failed to resolve import "@/components/ui/sonner" from "client/src/App.tsx". Does the file exist?
[2026-03-14T19:54:10.057Z] Plugin: vite:import-analysis
[2026-03-14T19:54:10.058Z] File: /home/ubuntu/renta-facil-tpymes/client/src/App.tsx:4:24
[2026-03-14T19:54:10.058Z] 2  |  import { queryClient } from "./lib/queryClient";
[2026-03-14T19:54:10.058Z] 3  |  import { QueryClientProvider } from "@tanstack/react-query";
[2026-03-14T19:54:10.059Z] 4  |  import { Toaster } from "@/components/ui/sonner";
[2026-03-14T19:54:10.059Z] |                           ^
[2026-03-14T19:54:10.059Z] 5  |  import { TooltipProvider } from "@/components/ui/tooltip";
[2026-03-14T19:54:10.060Z] 6  |  import Home from "@/pages/Home";
[2026-03-14T19:54:10.060Z] at TransformPluginContext._formatLog (/home/ubuntu/renta-facil-tpymes/node_modules/.pnpm/vite@6.4.1_@types+node@22.19.15_jiti@2.6.1_lightningcss@1.31.1_tsx@4.21.0/node_modules/vite/dist/node/chunks/dep-D4NMHUTW.js:42528:41)
[2026-03-14T19:54:10.060Z] at TransformPluginContext.error (/home/ubuntu/renta-facil-tpymes/node_modules/.pnpm/vite@6.4.1_@types+node@22.19.15_jiti@2.6.1_lightningcss@1.31.1_tsx@4.21.0/node_modules/vite/dist/node/chunks/dep-D4NMHUTW.js:42525:16)
[2026-03-14T19:54:10.061Z] at normalizeUrl (/home/ubuntu/renta-facil-tpymes/node_modules/.pnpm/vite@6.4.1_@types+node@22.19.15_jiti@2.6.1_lightningcss@1.31.1_tsx@4.21.0/node_modules/vite/dist/node/chunks/dep-D4NMHUTW.js:40504:23)
[2026-03-14T19:54:10.061Z] at process.processTicksAndRejections (node:internal/process/task_queues:105:5)
[2026-03-14T19:54:10.062Z] at async <anonymous> (/home/ubuntu/renta-facil-tpymes/node_modules/.pnpm/vite@6.4.1_@types+node@22.19.15_jiti@2.6.1_lightningcss@1.31.1_tsx@4.21.0/node_modules/vite/dist/node/chunks/dep-D4NMHUTW.js:40623:37)
[2026-03-14T19:54:10.062Z] at async Promise.all (index 3)
[2026-03-14T19:54:10.062Z] at async TransformPluginContext.transform (/home/ubuntu/renta-facil-tpymes/node_modules/.pnpm/vite@6.4.1_@types+node@22.19.15_jiti@2.6.1_lightningcss@1.31.1_tsx@4.21.0/node_modules/vite/dist/node/chunks/dep-D4NMHUTW.js:40550:7)
[2026-03-14T19:54:10.063Z] at async EnvironmentPluginContainer.transform (/home/ubuntu/renta-facil-tpymes/node_modules/.pnpm/vite@6.4.1_@types+node@22.19.15_jiti@2.6.1_lightningcss@1.31.1_tsx@4.21.0/node_modules/vite/dist/node/chunks/dep-D4NMHUTW.js:42323:18)
[2026-03-14T19:54:10.063Z] at async loadAndTransform (/home/ubuntu/renta-facil-tpymes/node_modules/.pnpm/vite@6.4.1_@types+node@22.19.15_jiti@2.6.1_lightningcss@1.31.1_tsx@4.21.0/node_modules/vite/dist/node/chunks/dep-D4NMHUTW.js:35739:27)
[2026-03-14T19:54:10.064Z] 3:54:10 PM [vite] (client) Pre-transform error: Failed to resolve import "@/components/ui/sonner" from "client/src/App.tsx". Does the file exist?
[2026-03-14T19:54:10.064Z] Plugin: vite:import-analysis
[2026-03-14T19:54:10.065Z] File: /home/ubuntu/renta-facil-tpymes/client/src/App.tsx:4:24
[2026-03-14T19:54:10.065Z] 2  |  import { queryClient } from "./lib/queryClient";
[2026-03-14T19:54:10.066Z] 3  |  import { QueryClientProvider } from "@tanstack/react-query";
[2026-03-14T19:54:10.066Z] 4  |  import { Toaster } from "@/components/ui/sonner";
[2026-03-14T19:54:10.066Z] |                           ^
[2026-03-14T19:54:10.067Z] 5  |  import { TooltipProvider } from "@/components/ui/tooltip";
[2026-03-14T19:54:10.067Z] 6  |  import Home from "@/pages/Home";
[2026-03-14T19:55:25.808Z] Dev server process group stopped
[2026-03-14T19:55:25.827Z] ELIFECYCLE  Command failed.
[2026-03-14T19:55:25.868Z] Dev server exited with code -15
[2026-03-14T19:55:28.813Z] Starting dev server with command: pnpm run dev
[2026-03-14T19:55:29.263Z] 
[2026-03-14T19:55:29.264Z] > rest-express@1.0.0 dev /home/ubuntu/renta-facil-tpymes
[2026-03-14T19:55:29.264Z] > tsx server/index.ts
[2026-03-14T19:55:29.264Z] 
[2026-03-14T19:55:30.624Z] 3:55:30 PM [vite] (client) Re-optimizing dependencies because vite config has changed
[2026-03-14T19:55:30.647Z] 3:55:30 PM [express] serving on port 5000
[2026-03-14T21:25:55.300Z] 5:25:55 PM [vite] (client) hmr update /src/App.tsx, /src/index.css
[2026-03-14T21:26:05.696Z] Dev server process group stopped
[2026-03-14T21:26:05.718Z] ELIFECYCLE  Command failed.
[2026-03-14T21:26:05.729Z] Dev server exited with code -15
[2026-03-14T21:26:08.703Z] Starting dev server with command: pnpm run dev
[2026-03-14T21:26:09.104Z] 
[2026-03-14T21:26:09.105Z] > rest-express@1.0.0 dev /home/ubuntu/renta-facil-tpymes
[2026-03-14T21:26:09.105Z] > tsx server/index.ts
[2026-03-14T21:26:09.106Z] 
[2026-03-14T21:26:10.343Z] 5:26:10 PM [express] serving on port 5000
[2026-03-14T21:27:48.023Z] 5:27:48 PM [vite] (client) hmr update /src/App.tsx, /src/index.css
[2026-03-14T21:28:46.954Z] 5:28:46 PM [vite] (client) hmr update /src/components/ui/sonner.tsx, /src/index.css
[2026-03-14T21:28:51.036Z] Dev server process group stopped
[2026-03-14T21:28:51.056Z] ELIFECYCLE  Command failed.
[2026-03-14T21:28:51.083Z] Dev server exited with code -15
[2026-03-14T21:28:54.041Z] Starting dev server with command: pnpm run dev
[2026-03-14T21:28:54.451Z] 
[2026-03-14T21:28:54.452Z] > rest-express@1.0.0 dev /home/ubuntu/renta-facil-tpymes
[2026-03-14T21:28:54.453Z] > tsx server/index.ts
[2026-03-14T21:28:54.453Z] 
[2026-03-14T21:28:55.693Z] 5:28:55 PM [express] serving on port 5000
[2026-03-14T21:29:24.529Z] Dev server process group stopped
[2026-03-14T21:29:24.547Z] ELIFECYCLE  Command failed.
[2026-03-14T21:29:24.574Z] Dev server exited with code -15
[2026-03-14T21:29:27.533Z] Starting dev server with command: pnpm run dev
[2026-03-14T21:29:27.923Z] 
[2026-03-14T21:29:27.924Z] > rest-express@1.0.0 dev /home/ubuntu/renta-facil-tpymes
[2026-03-14T21:29:27.924Z] > tsx server/index.ts
[2026-03-14T21:29:27.925Z] 
[2026-03-14T21:29:29.242Z] 5:29:29 PM [express] serving on port 5000
[2026-03-14T21:29:55.256Z] Dev server process group stopped
[2026-03-14T21:29:55.277Z] ELIFECYCLE  Command failed.
[2026-03-14T21:29:55.303Z] Dev server exited with code -15
[2026-03-14T21:29:58.260Z] Starting dev server with command: pnpm run dev
[2026-03-14T21:29:58.660Z] 
[2026-03-14T21:29:58.661Z] > rest-express@1.0.0 dev /home/ubuntu/renta-facil-tpymes
[2026-03-14T21:29:58.661Z] > tsx server/index.ts
[2026-03-14T21:29:58.662Z] 
[2026-03-14T21:30:00.077Z] 5:30:00 PM [express] serving on port 5000
[2026-03-14T21:41:29.993Z] Dev server process group stopped
[2026-03-14T21:41:30.012Z] ELIFECYCLE  Command failed.
[2026-03-14T21:41:30.040Z] Dev server exited with code -15
[2026-03-14T21:41:32.996Z] Starting dev server with command: pnpm run dev
[2026-03-14T21:41:33.424Z] 
[2026-03-14T21:41:33.425Z] > rest-express@1.0.0 dev /home/ubuntu/renta-facil-tpymes
[2026-03-14T21:41:33.426Z] > tsx server/index.ts
[2026-03-14T21:41:33.426Z] 
[2026-03-14T21:41:34.831Z] 5:41:34 PM [express] serving on port 5000
[2026-03-14T21:55:02.614Z] 5:55:02 PM [vite] (client) hmr update /src/App.tsx, /src/index.css
[2026-03-14T22:38:43.054Z] 6:38:43 PM [vite] (client) hmr update /src/pages/Home.tsx, /src/index.css
[2026-03-14T22:39:03.291Z] 6:39:03 PM [vite] (client) hmr update /src/pages/Home.tsx, /src/index.css
[2026-03-14T22:39:34.355Z] 6:39:34 PM [vite] (client) hmr update /src/pages/Home.tsx, /src/index.css
[2026-03-14T22:40:17.510Z] 6:40:17 PM [vite] (client) hmr update /src/pages/Home.tsx, /src/index.css
[2026-03-14T22:43:44.339Z] 6:43:44 PM [vite] (client) hmr update /src/pages/Blog.tsx, /src/index.css
[2026-03-14T22:43:44.431Z] 6:43:44 PM [vite] (client) hmr invalidate /src/pages/Blog.tsx Could not Fast Refresh ("BLOG_POSTS" export is incompatible). Learn more at https://github.com/vitejs/vite-plugin-react/tree/main/packages/plugin-react#consistent-components-exports
[2026-03-14T22:43:44.432Z] 6:43:44 PM [vite] (client) hmr update /src/App.tsx, /src/index.css, /src/pages/BlogArticle.tsx
[2026-03-14T22:44:20.644Z] 6:44:20 PM [vite] (client) hmr update /src/pages/BlogArticle.tsx, /src/index.css
[2026-03-15T07:45:32.502Z] 3:45:32 AM [vite] (client) hmr update /src/pages/Blog.tsx, /src/index.css
[2026-03-15T07:45:32.590Z] 3:45:32 AM [vite] (client) hmr invalidate /src/pages/Blog.tsx Could not Fast Refresh ("BLOG_POSTS" export is incompatible). Learn more at https://github.com/vitejs/vite-plugin-react/tree/main/packages/plugin-react#consistent-components-exports
[2026-03-15T07:45:32.590Z] 3:45:32 AM [vite] (client) hmr update /src/App.tsx, /src/index.css, /src/pages/BlogArticle.tsx
[2026-03-15T07:46:54.828Z] 3:46:54 AM [vite] (client) hmr update /src/pages/BlogArticle.tsx, /src/index.css
[2026-03-15T07:49:32.034Z] 3:49:32 AM [vite] (client) hmr update /src/pages/Home.tsx, /src/index.css
[2026-03-15T07:53:38.720Z] 3:53:38 AM [vite] (client) hmr update /src/pages/Blog.tsx, /src/index.css
[2026-03-15T07:53:39.045Z] 3:53:39 AM [vite] (client) hmr invalidate /src/pages/Blog.tsx Could not Fast Refresh ("BLOG_POSTS" export is incompatible). Learn more at https://github.com/vitejs/vite-plugin-react/tree/main/packages/plugin-react#consistent-components-exports
[2026-03-15T07:53:39.046Z] 3:53:39 AM [vite] (client) hmr update /src/App.tsx, /src/index.css, /src/pages/BlogArticle.tsx
[2026-03-15T09:11:39.114Z] 5:11:39 AM [vite] (client) hmr update /src/pages/Home.tsx, /src/index.css
[2026-03-15T09:11:47.412Z] 5:11:47 AM [vite] (client) hmr update /src/components/Navbar.tsx, /src/index.css
[2026-03-15T09:18:07.586Z] 5:18:07 AM [vite] (client) hmr update /src/pages/Simulador.tsx, /src/index.css
[2026-03-15T09:18:30.301Z] 5:18:30 AM [vite] (client) hmr update /src/pages/Triage.tsx, /src/index.css
[2026-03-15T09:18:38.604Z] 5:18:38 AM [vite] (client) hmr update /src/pages/Blog.tsx, /src/index.css
[2026-03-15T09:18:38.690Z] 5:18:38 AM [vite] (client) hmr invalidate /src/pages/Blog.tsx Could not Fast Refresh ("BLOG_POSTS" export is incompatible). Learn more at https://github.com/vitejs/vite-plugin-react/tree/main/packages/plugin-react#consistent-components-exports
[2026-03-15T09:18:38.691Z] 5:18:38 AM [vite] (client) hmr update /src/App.tsx, /src/index.css, /src/pages/BlogArticle.tsx
[2026-03-15T09:18:50.410Z] 5:18:50 AM [vite] (client) hmr update /src/pages/BlogArticle.tsx, /src/index.css
[2026-03-15T09:19:00.738Z] 5:19:00 AM [vite] (client) hmr update /src/pages/BlogArticle.tsx, /src/index.css
[2026-03-15T09:19:16.643Z] 5:19:16 AM [vite] (client) hmr update /src/pages/Andalucia.tsx, /src/index.css
[2026-03-15T09:19:25.921Z] 5:19:25 AM [vite] (client) hmr update /src/pages/Cataluna.tsx, /src/index.css
[2026-03-15T09:19:36.377Z] 5:19:36 AM [vite] (client) hmr update /src/pages/Valencia.tsx, /src/index.css
[2026-03-15T10:21:55.803Z] 6:21:55 AM [vite] (client) hmr update /src/pages/Home.tsx, /src/index.css
[2026-03-15T14:26:19.783Z] Dev server process group stopped
[2026-03-15T14:26:19.801Z] ELIFECYCLE  Command failed.
[2026-03-15T14:26:19.816Z] Dev server exited with code -15
[2026-03-15T14:26:22.787Z] Starting dev server with command: pnpm run dev
[2026-03-15T14:26:23.136Z] 
[2026-03-15T14:26:23.137Z] > rest-express@1.0.0 dev /home/ubuntu/renta-facil-tpymes
[2026-03-15T14:26:23.138Z] > tsx server/index.ts
[2026-03-15T14:26:23.138Z] 
[2026-03-15T14:26:24.484Z] 10:26:24 AM [express] serving on port 5000
[2026-03-15T14:26:47.390Z] 10:26:47 AM [vite] (client) hmr update /src/pages/Triage.tsx, /src/index.css
[2026-03-15T14:26:54.302Z] Dev server process group stopped
[2026-03-15T14:26:54.319Z] ELIFECYCLE  Command failed.
[2026-03-15T14:26:54.327Z] Dev server exited with code -15
[2026-03-15T14:26:57.306Z] Starting dev server with command: pnpm run dev
[2026-03-15T14:26:57.649Z] 
[2026-03-15T14:26:57.650Z] > rest-express@1.0.0 dev /home/ubuntu/renta-facil-tpymes
[2026-03-15T14:26:57.650Z] > tsx server/index.ts
[2026-03-15T14:26:57.650Z] 
[2026-03-15T14:26:58.770Z] 10:26:58 AM [express] serving on port 5000
[2026-03-15T14:27:47.361Z] 10:27:47 AM [vite] (client) hmr update /src/pages/Andalucia.tsx, /src/index.css
[2026-03-15T14:28:06.245Z] 10:28:06 AM [vite] (client) hmr update /src/pages/Madrid.tsx, /src/index.css
[2026-03-15T14:28:37.255Z] 10:28:37 AM [vite] (client) hmr update /src/pages/Cataluna.tsx, /src/index.css
[2026-03-15T14:29:09.854Z] 10:29:09 AM [vite] (client) hmr update /src/pages/Valencia.tsx, /src/index.css
[2026-03-15T14:29:24.948Z] 10:29:24 AM [vite] (client) hmr update /src/pages/Triage.tsx, /src/index.css
[2026-03-15T16:42:26.433Z] Dev server process group stopped
[2026-03-15T16:42:26.455Z] ELIFECYCLE  Command failed.
[2026-03-15T16:42:26.475Z] Dev server exited with code -15
[2026-03-15T16:42:29.438Z] Starting dev server with command: pnpm run dev
[2026-03-15T16:42:29.832Z] 
[2026-03-15T16:42:29.833Z] > rest-express@1.0.0 dev /home/ubuntu/renta-facil-tpymes
[2026-03-15T16:42:29.834Z] > tsx server/index.ts
[2026-03-15T16:42:29.834Z] 
[2026-03-15T16:42:31.186Z] 12:42:31 PM [express] serving on port 5000
[2026-03-15T16:50:05.900Z] 12:50:05 PM [vite] (client) hmr update /src/pages/Triage.tsx, /src/index.css
[2026-03-15T16:57:38.112Z] 12:57:38 PM [vite] (client) hmr update /src/pages/Triage.tsx, /src/index.css
[2026-03-15T17:04:40.332Z] 1:04:40 PM [vite] (client) hmr update /src/pages/Triage.tsx, /src/index.css
[2026-03-15T17:04:53.965Z] 1:04:53 PM [vite] (client) hmr update /src/pages/Triage.tsx, /src/index.css
[2026-03-15T17:05:07.510Z] 1:05:07 PM [vite] (client) hmr update /src/pages/Triage.tsx, /src/index.css
[2026-03-16T13:52:13.726Z] 9:52:13 AM [vite] (client) hmr update /src/pages/Triage.tsx, /src/index.css
[2026-03-16T15:47:23.602Z] 11:47:23 AM [vite] (client) hmr update /src/pages/Triage.tsx, /src/index.css
[2026-03-16T16:16:50.986Z] 12:16:50 PM [vite] (client) hmr update /src/pages/Home.tsx, /src/index.css
[2026-03-16T16:18:40.445Z] Dev server process group stopped
[2026-03-16T16:18:40.464Z] ELIFECYCLE  Command failed.
[2026-03-16T16:18:40.490Z] Dev server exited with code -15
[2026-03-16T16:18:43.450Z] Starting dev server with command: pnpm run dev
[2026-03-16T16:18:44.292Z] 
[2026-03-16T16:18:44.293Z] > rest-express@1.0.0 dev /home/ubuntu/renta-facil-tpymes
[2026-03-16T16:18:44.293Z] > tsx server/index.ts
[2026-03-16T16:18:44.294Z] 
[2026-03-16T16:18:45.640Z] 12:18:45 PM [express] serving on port 5000
[2026-03-18T17:20:53.555Z] Starting dev server with command: pnpm run dev
[2026-03-18T17:20:53.942Z] 
[2026-03-18T17:20:53.943Z] > rest-express@1.0.0 dev /home/ubuntu/renta-facil-tpymes
[2026-03-18T17:20:53.944Z] > tsx server/index.ts
[2026-03-18T17:20:53.944Z] 
[2026-03-18T17:20:55.468Z] node:events:502
[2026-03-18T17:20:55.468Z] throw er; // Unhandled 'error' event
[2026-03-18T17:20:55.469Z] ^
[2026-03-18T17:20:55.469Z] 
[2026-03-18T17:20:55.469Z] Error: listen EADDRINUSE: address already in use 0.0.0.0:5000
[2026-03-18T17:20:55.470Z] at Server.setupListenHandle [as _listen2] (node:net:1937:16)
[2026-03-18T17:20:55.470Z] at listenInCluster (node:net:1994:12)
[2026-03-18T17:20:55.470Z] at node:net:2203:7
[2026-03-18T17:20:55.471Z] at process.processTicksAndRejections (node:internal/process/task_queues:90:21)
[2026-03-18T17:20:55.471Z] Emitted 'error' event on Server instance at:
[2026-03-18T17:20:55.472Z] at emitErrorNT (node:net:1973:8)
[2026-03-18T17:20:55.472Z] at process.processTicksAndRejections (node:internal/process/task_queues:90:21) {
[2026-03-18T17:20:55.472Z] code: 'EADDRINUSE',
[2026-03-18T17:20:55.472Z] errno: -98,
[2026-03-18T17:20:55.472Z] syscall: 'listen',
[2026-03-18T17:20:55.473Z] address: '0.0.0.0',
[2026-03-18T17:20:55.473Z] port: 5000
[2026-03-18T17:20:55.473Z] }
[2026-03-18T17:20:55.473Z] 
[2026-03-18T17:20:55.474Z] Node.js v22.13.0
[2026-03-18T17:20:55.526Z] ELIFECYCLE  Command failed with exit code 1.
[2026-03-18T17:20:55.710Z] Dev server exited with code 1
[2026-03-18T17:21:05.863Z] Starting dev server with command: pnpm run dev
[2026-03-18T17:21:06.210Z] 
[2026-03-18T17:21:06.211Z] > rest-express@1.0.0 dev /home/ubuntu/renta-facil-tpymes
[2026-03-18T17:21:06.211Z] > tsx server/index.ts
[2026-03-18T17:21:06.212Z] 
[2026-03-18T17:21:07.323Z] node:events:502
[2026-03-18T17:21:07.323Z] throw er; // Unhandled 'error' event
[2026-03-18T17:21:07.324Z] ^
[2026-03-18T17:21:07.324Z] 
[2026-03-18T17:21:07.324Z] Error: listen EADDRINUSE: address already in use 0.0.0.0:5000
[2026-03-18T17:21:07.325Z] at Server.setupListenHandle [as _listen2] (node:net:1937:16)
[2026-03-18T17:21:07.325Z] at listenInCluster (node:net:1994:12)
[2026-03-18T17:21:07.325Z] at node:net:2203:7
[2026-03-18T17:21:07.325Z] at process.processTicksAndRejections (node:internal/process/task_queues:90:21)
[2026-03-18T17:21:07.326Z] Emitted 'error' event on Server instance at:
[2026-03-18T17:21:07.326Z] at emitErrorNT (node:net:1973:8)
[2026-03-18T17:21:07.326Z] at process.processTicksAndRejections (node:internal/process/task_queues:90:21) {
[2026-03-18T17:21:07.326Z] code: 'EADDRINUSE',
[2026-03-18T17:21:07.326Z] errno: -98,
[2026-03-18T17:21:07.327Z] syscall: 'listen',
[2026-03-18T17:21:07.327Z] address: '0.0.0.0',
[2026-03-18T17:21:07.327Z] port: 5000
[2026-03-18T17:21:07.327Z] }
[2026-03-18T17:21:07.327Z] 
[2026-03-18T17:21:07.328Z] Node.js v22.13.0
[2026-03-18T17:21:07.371Z] ELIFECYCLE  Command failed with exit code 1.
[2026-03-18T17:21:07.391Z] Dev server exited with code 1
[2026-03-19T13:26:18.477Z] Starting dev server with command: pnpm run dev
[2026-03-19T13:26:18.845Z] 
[2026-03-19T13:26:18.846Z] > rest-express@1.0.0 dev /home/ubuntu/renta-facil-tpymes
[2026-03-19T13:26:18.846Z] > tsx server/index.ts
[2026-03-19T13:26:18.847Z] 
[2026-03-19T13:26:20.234Z] node:events:502
[2026-03-19T13:26:20.235Z] throw er; // Unhandled 'error' event
[2026-03-19T13:26:20.235Z] ^
[2026-03-19T13:26:20.236Z] 
[2026-03-19T13:26:20.236Z] Error: listen EADDRINUSE: address already in use 0.0.0.0:5000
[2026-03-19T13:26:20.237Z] at Server.setupListenHandle [as _listen2] (node:net:1937:16)
[2026-03-19T13:26:20.237Z] at listenInCluster (node:net:1994:12)
[2026-03-19T13:26:20.238Z] at node:net:2203:7
[2026-03-19T13:26:20.238Z] at process.processTicksAndRejections (node:internal/process/task_queues:90:21)
[2026-03-19T13:26:20.239Z] Emitted 'error' event on Server instance at:
[2026-03-19T13:26:20.239Z] at emitErrorNT (node:net:1973:8)
[2026-03-19T13:26:20.239Z] at process.processTicksAndRejections (node:internal/process/task_queues:90:21) {
[2026-03-19T13:26:20.240Z] code: 'EADDRINUSE',
[2026-03-19T13:26:20.240Z] errno: -98,
[2026-03-19T13:26:20.240Z] syscall: 'listen',
[2026-03-19T13:26:20.241Z] address: '0.0.0.0',
[2026-03-19T13:26:20.241Z] port: 5000
[2026-03-19T13:26:20.241Z] }
[2026-03-19T13:26:20.241Z] 
[2026-03-19T13:26:20.242Z] Node.js v22.13.0
[2026-03-19T13:26:20.295Z] ELIFECYCLE  Command failed with exit code 1.
[2026-03-19T13:26:20.317Z] Dev server exited with code 1
[2026-03-19T13:26:37.759Z] Starting dev server with command: pnpm run dev
[2026-03-19T13:26:38.198Z] 
[2026-03-19T13:26:38.199Z] > rest-express@1.0.0 dev /home/ubuntu/renta-facil-tpymes
[2026-03-19T13:26:38.199Z] > tsx server/index.ts
[2026-03-19T13:26:38.199Z] 
[2026-03-19T13:26:39.523Z] node:events:502
[2026-03-19T13:26:39.524Z] throw er; // Unhandled 'error' event
[2026-03-19T13:26:39.524Z] ^
[2026-03-19T13:26:39.525Z] 
[2026-03-19T13:26:39.525Z] Error: listen EADDRINUSE: address already in use 0.0.0.0:5000
[2026-03-19T13:26:39.525Z] at Server.setupListenHandle [as _listen2] (node:net:1937:16)
[2026-03-19T13:26:39.526Z] at listenInCluster (node:net:1994:12)
[2026-03-19T13:26:39.526Z] at node:net:2203:7
[2026-03-19T13:26:39.526Z] at process.processTicksAndRejections (node:internal/process/task_queues:90:21)
[2026-03-19T13:26:39.526Z] Emitted 'error' event on Server instance at:
[2026-03-19T13:26:39.527Z] at emitErrorNT (node:net:1973:8)
[2026-03-19T13:26:39.527Z] at process.processTicksAndRejections (node:internal/process/task_queues:90:21) {
[2026-03-19T13:26:39.527Z] code: 'EADDRINUSE',
[2026-03-19T13:26:39.527Z] errno: -98,
[2026-03-19T13:26:39.528Z] syscall: 'listen',
[2026-03-19T13:26:39.528Z] address: '0.0.0.0',
[2026-03-19T13:26:39.528Z] port: 5000
[2026-03-19T13:26:39.528Z] }
[2026-03-19T13:26:39.528Z] 
[2026-03-19T13:26:39.529Z] Node.js v22.13.0
[2026-03-19T13:26:39.579Z] ELIFECYCLE  Command failed with exit code 1.
[2026-03-19T13:26:39.602Z] Dev server exited with code 1
[2026-03-20T07:44:49.276Z] Starting dev server with command: pnpm run dev
[2026-03-20T07:44:49.628Z] 
[2026-03-20T07:44:49.629Z] > rest-express@1.0.0 dev /home/ubuntu/renta-facil-tpymes
[2026-03-20T07:44:49.629Z] > tsx server/index.ts
[2026-03-20T07:44:49.630Z] 
[2026-03-20T07:44:50.924Z] node:events:502
[2026-03-20T07:44:50.925Z] throw er; // Unhandled 'error' event
[2026-03-20T07:44:50.925Z] ^
[2026-03-20T07:44:50.925Z] 
[2026-03-20T07:44:50.926Z] Error: listen EADDRINUSE: address already in use 0.0.0.0:5000
[2026-03-20T07:44:50.926Z] at Server.setupListenHandle [as _listen2] (node:net:1937:16)
[2026-03-20T07:44:50.926Z] at listenInCluster (node:net:1994:12)
[2026-03-20T07:44:50.927Z] at node:net:2203:7
[2026-03-20T07:44:50.927Z] at process.processTicksAndRejections (node:internal/process/task_queues:90:21)
[2026-03-20T07:44:50.927Z] Emitted 'error' event on Server instance at:
[2026-03-20T07:44:50.927Z] at emitErrorNT (node:net:1973:8)
[2026-03-20T07:44:50.928Z] at process.processTicksAndRejections (node:internal/process/task_queues:90:21) {
[2026-03-20T07:44:50.928Z] code: 'EADDRINUSE',
[2026-03-20T07:44:50.928Z] errno: -98,
[2026-03-20T07:44:50.928Z] syscall: 'listen',
[2026-03-20T07:44:50.929Z] address: '0.0.0.0',
[2026-03-20T07:44:50.929Z] port: 5000
[2026-03-20T07:44:50.929Z] }
[2026-03-20T07:44:50.929Z] 
[2026-03-20T07:44:50.930Z] Node.js v22.13.0
[2026-03-20T07:44:50.973Z] ELIFECYCLE  Command failed with exit code 1.
[2026-03-20T07:44:50.992Z] Dev server exited with code 1
[2026-03-20T17:01:42.960Z] Starting dev server with command: pnpm run dev
[2026-03-20T17:01:43.343Z] 
[2026-03-20T17:01:43.344Z] > rest-express@1.0.0 dev /home/ubuntu/renta-facil-tpymes
[2026-03-20T17:01:43.344Z] > tsx server/index.ts
[2026-03-20T17:01:43.344Z] 
[2026-03-20T17:01:44.996Z] node:events:502
[2026-03-20T17:01:45.022Z] throw er; // Unhandled 'error' event
[2026-03-20T17:01:45.023Z] ^
[2026-03-20T17:01:45.024Z] 
[2026-03-20T17:01:45.024Z] Error: listen EADDRINUSE: address already in use 0.0.0.0:5000
[2026-03-20T17:01:45.025Z] at Server.setupListenHandle [as _listen2] (node:net:1937:16)
[2026-03-20T17:01:45.026Z] at listenInCluster (node:net:1994:12)
[2026-03-20T17:01:45.026Z] at node:net:2203:7
[2026-03-20T17:01:45.026Z] at process.processTicksAndRejections (node:internal/process/task_queues:90:21)
[2026-03-20T17:01:45.027Z] Emitted 'error' event on Server instance at:
[2026-03-20T17:01:45.029Z] at emitErrorNT (node:net:1973:8)
[2026-03-20T17:01:45.029Z] at process.processTicksAndRejections (node:internal/process/task_queues:90:21) {
[2026-03-20T17:01:45.030Z] code: 'EADDRINUSE',
[2026-03-20T17:01:45.030Z] errno: -98,
[2026-03-20T17:01:45.031Z] syscall: 'listen',
[2026-03-20T17:01:45.032Z] address: '0.0.0.0',
[2026-03-20T17:01:45.034Z] port: 5000
[2026-03-20T17:01:45.035Z] }
[2026-03-20T17:01:45.039Z] 
[2026-03-20T17:01:45.040Z] Node.js v22.13.0
[2026-03-20T17:01:45.048Z] ELIFECYCLE  Command failed with exit code 1.
[2026-03-20T17:01:45.075Z] Dev server exited with code 1
[2026-03-21T08:38:10.574Z] Starting dev server with command: pnpm run dev
[2026-03-21T08:38:11.048Z] 
[2026-03-21T08:38:11.049Z] > rest-express@1.0.0 dev /home/ubuntu/renta-facil-tpymes
[2026-03-21T08:38:11.050Z] > tsx server/index.ts
[2026-03-21T08:38:11.050Z] 
[2026-03-21T08:38:12.407Z] 4:38:12 AM [express] serving on port 5000
[2026-03-23T15:59:23.304Z] 11:59:23 AM [vite] (client) hmr update /src/App.tsx, /src/index.css
[2026-03-23T15:59:51.321Z] 11:59:51 AM [vite] (client) page reload public/__manus__/version.json
[2026-03-23T16:10:24.794Z] Dev server process group stopped
[2026-03-23T16:10:24.816Z] ELIFECYCLE  Command failed.
[2026-03-23T16:10:24.840Z] Dev server exited with code -15
[2026-03-23T16:10:56.756Z] Starting dev server with command: NODE_ENV=development tsx watch server/_core/index.ts
[2026-03-23T16:10:59.086Z] Dev server process group stopped
[2026-03-23T16:10:59.112Z] Dev server exited with code -15
[2026-03-23T16:11:02.102Z] Starting dev server with command: NODE_ENV=development tsx watch server/_core/index.ts
[2026-03-23T16:11:03.956Z] [OAuth] Initialized with baseURL: https://api.manus.im
[2026-03-23T16:11:06.096Z] 12:11:06 PM [vite] (client) Re-optimizing dependencies because lockfile has changed
[2026-03-23T16:11:06.113Z] Server running on http://localhost:3000/
[2026-03-23T16:13:28.852Z] 12:13:28 PM [tsx] change in ./vite.config.ts Restarting...
[2026-03-23T16:13:30.316Z] c[OAuth] Initialized with baseURL: https://api.manus.im
[2026-03-23T16:13:30.467Z] Server running on http://localhost:3000/
[2026-03-23T16:13:37.278Z] Dev server process group stopped
[2026-03-23T16:13:37.321Z] Dev server exited with code -15
[2026-03-23T16:13:40.295Z] Starting dev server with command: NODE_ENV=development tsx watch server/_core/index.ts
[2026-03-23T16:13:41.889Z] [OAuth] Initialized with baseURL: https://api.manus.im
[2026-03-23T16:13:42.047Z] Server running on http://localhost:3000/
[2026-03-23T16:15:15.815Z] 12:15:15 PM [tsx] change in ./server/_core/env.ts Restarting...
[2026-03-23T16:15:17.416Z] c[OAuth] Initialized with baseURL: https://api.manus.im
[2026-03-23T16:15:17.560Z] Server running on http://localhost:3000/
[2026-03-23T16:16:12.021Z] 12:16:12 PM [tsx] change in ./server/routers.ts Restarting...
[2026-03-23T16:16:13.623Z] c[OAuth] Initialized with baseURL: https://api.manus.im
[2026-03-23T16:16:13.783Z] Server running on http://localhost:3000/
[2026-03-23T16:19:46.838Z] 12:19:46 PM [vite] (client) hmr update /src/pages/Triage.tsx, /src/index.css?v=LfREOaaSokdzVw4XDNKDZ
[2026-03-23T16:22:05.100Z] 12:22:05 PM [vite] (client) page reload public/__manus__/version.json
[2026-03-23T16:35:47.188Z] Dev server process group stopped
[2026-03-23T16:35:47.218Z] Dev server exited with code -15
[2026-03-23T16:35:50.226Z] Starting dev server with command: NODE_ENV=development tsx watch server/_core/index.ts
[2026-03-23T16:35:52.339Z] [OAuth] Initialized with baseURL: https://api.manus.im
[2026-03-23T16:35:52.730Z] Server running on http://localhost:3000/
[2026-03-23T16:37:14.881Z] Dev server process group stopped
[2026-03-23T16:37:14.918Z] Dev server exited with code -15
[2026-03-23T16:37:17.914Z] Starting dev server with command: NODE_ENV=development tsx watch server/_core/index.ts
[2026-03-23T16:37:19.455Z] [OAuth] Initialized with baseURL: https://api.manus.im
[2026-03-23T16:37:19.604Z] Server running on http://localhost:3000/
[2026-03-23T16:44:19.779Z] 12:44:19 PM [vite] (client) page reload public/__manus__/version.json
[2026-03-23T17:00:39.486Z] 1:00:39 PM [tsx] change in ./server/routers/casos.ts Restarting...
[2026-03-23T17:00:40.964Z] c[OAuth] Initialized with baseURL: https://api.manus.im
[2026-03-23T17:00:41.121Z] Server running on http://localhost:3000/
[2026-03-23T17:00:56.074Z] 1:00:56 PM [tsx] change in ./server/routers/casos.ts Restarting...
[2026-03-23T17:00:57.547Z] c[OAuth] Initialized with baseURL: https://api.manus.im
[2026-03-23T17:00:57.709Z] Server running on http://localhost:3000/
[2026-03-23T17:13:57.559Z] Dev server process group stopped
[2026-03-23T17:13:57.585Z] Dev server exited with code -15
[2026-03-23T17:14:00.591Z] Starting dev server with command: NODE_ENV=development tsx watch server/_core/index.ts
[2026-03-23T17:14:02.260Z] [OAuth] Initialized with baseURL: https://api.manus.im
[2026-03-23T17:14:02.432Z] Server running on http://localhost:3000/
[2026-03-23T17:14:15.475Z] 1:14:15 PM [tsx] change in ./server/_core/env.ts Restarting...
[2026-03-23T17:14:17.145Z] c[OAuth] Initialized with baseURL: https://api.manus.im
[2026-03-23T17:14:17.308Z] Server running on http://localhost:3000/
[2026-03-23T17:14:38.364Z] 1:14:38 PM [tsx] change in ./server/routers.ts Restarting...
[2026-03-23T17:14:39.854Z] c[OAuth] Initialized with baseURL: https://api.manus.im
[2026-03-23T17:14:40.005Z] Server running on http://localhost:3000/
[2026-03-23T17:15:56.951Z] 1:15:56 PM [vite] (client) hmr update /src/pages/PanelAsesor.tsx, /src/index.css?v=0MSBvW8drqMq3vZCYfK40
[2026-03-23T17:16:13.654Z] 1:16:13 PM [vite] (client) hmr update /src/pages/PanelAsesor.tsx, /src/index.css?v=0MSBvW8drqMq3vZCYfK40
[2026-03-23T17:16:42.277Z] 1:16:42 PM [vite] (client) hmr update /src/pages/PanelAsesor.tsx, /src/index.css?v=0MSBvW8drqMq3vZCYfK40
[2026-03-23T17:17:06.604Z] 1:17:06 PM [vite] (client) hmr update /src/pages/PanelAsesor.tsx, /src/index.css?v=0MSBvW8drqMq3vZCYfK40
[2026-03-23T17:17:18.022Z] 1:17:18 PM [vite] (client) hmr update /src/pages/PanelAsesor.tsx, /src/index.css?v=0MSBvW8drqMq3vZCYfK40
[2026-03-23T17:18:15.067Z] 1:18:15 PM [vite] (client) page reload public/__manus__/version.json
[2026-03-23T17:34:23.855Z] 1:34:23 PM [tsx] change in ./server/routers/casos.ts Restarting...
[2026-03-23T17:34:25.412Z] c[OAuth] Initialized with baseURL: https://api.manus.im
[2026-03-23T17:34:25.578Z] Server running on http://localhost:3000/
[2026-03-23T17:36:53.953Z] 1:36:53 PM [vite] (client) hmr update /src/pages/PanelAsesor.tsx, /src/index.css?v=-weHBNHFQQGbhQ-TDbN9g
[2026-03-23T17:37:43.066Z] 1:37:43 PM [vite] (client) hmr update /src/pages/PanelAsesor.tsx, /src/index.css?v=-weHBNHFQQGbhQ-TDbN9g
[2026-03-23T17:38:36.578Z] 1:38:36 PM [vite] (client) page reload public/__manus__/version.json
[2026-03-23T17:39:37.266Z] Dev server process group stopped
[2026-03-23T17:39:37.303Z] Dev server exited with code -15
[2026-03-23T17:39:40.313Z] Starting dev server with command: NODE_ENV=development tsx watch server/_core/index.ts
[2026-03-23T17:39:42.002Z] [OAuth] Initialized with baseURL: https://api.manus.im
[2026-03-23T17:39:42.159Z] Server running on http://localhost:3000/
[2026-03-23T17:41:59.165Z] 1:41:59 PM [tsx] change in ./server/routers/casos.ts Restarting...
[2026-03-23T17:42:00.689Z] c[OAuth] Initialized with baseURL: https://api.manus.im
[2026-03-23T17:42:00.841Z] Server running on http://localhost:3000/
[2026-03-23T17:42:07.468Z] 1:42:07 PM [tsx] change in ./server/routers/casos.ts Restarting...
[2026-03-23T17:42:08.947Z] c[OAuth] Initialized with baseURL: https://api.manus.im
[2026-03-23T17:42:09.098Z] Server running on http://localhost:3000/
[2026-03-23T17:42:35.876Z] 1:42:35 PM [vite] (client) hmr update /src/pages/PanelAsesor.tsx, /src/index.css?v=coJ9cuwIvB1eqC0fi8sFv
[2026-03-23T17:43:03.047Z] 1:43:03 PM [vite] (client) hmr update /src/pages/PanelAsesor.tsx, /src/index.css?v=coJ9cuwIvB1eqC0fi8sFv
[2026-03-23T17:44:48.017Z] 1:44:48 PM [vite] (client) page reload public/__manus__/version.json
[2026-03-23T17:46:45.637Z] 1:46:45 PM [vite] (client) hmr update /src/pages/PanelAsesor.tsx, /src/index.css?v=coJ9cuwIvB1eqC0fi8sFv
[2026-03-23T17:47:19.022Z] 1:47:19 PM [vite] (client) hmr update /src/pages/PanelAsesor.tsx, /src/index.css?v=coJ9cuwIvB1eqC0fi8sFv
[2026-03-23T17:47:37.157Z] 1:47:37 PM [vite] (client) hmr update /src/pages/PanelAsesor.tsx, /src/index.css?v=coJ9cuwIvB1eqC0fi8sFv
[2026-03-23T17:47:47.076Z] 1:47:47 PM [vite] (client) hmr update /src/pages/PanelAsesor.tsx, /src/index.css?v=coJ9cuwIvB1eqC0fi8sFv
[2026-03-23T17:48:42.262Z] 1:48:42 PM [vite] (client) page reload public/__manus__/version.json
[2026-03-23T18:40:45.811Z] 2:40:45 PM [vite] (client) hmr update /src/pages/Triage.tsx, /src/index.css?v=coJ9cuwIvB1eqC0fi8sFv
[2026-03-23T18:40:55.588Z] 2:40:55 PM [vite] (client) hmr update /src/pages/Triage.tsx, /src/index.css?v=coJ9cuwIvB1eqC0fi8sFv
[2026-03-23T18:41:11.008Z] 2:41:11 PM [vite] (client) hmr update /src/pages/Triage.tsx, /src/index.css?v=coJ9cuwIvB1eqC0fi8sFv
[2026-03-23T18:41:34.672Z] 2:41:34 PM [vite] (client) hmr update /src/pages/Triage.tsx, /src/index.css?v=coJ9cuwIvB1eqC0fi8sFv
[2026-03-23T18:41:55.296Z] 2:41:55 PM [vite] (client) hmr update /src/pages/Triage.tsx, /src/index.css?v=coJ9cuwIvB1eqC0fi8sFv
[2026-03-24T08:08:52.845Z] 4:08:52 AM [tsx] change in ./server/_core/env.ts Restarting...
[2026-03-24T08:08:54.768Z] c[OAuth] Initialized with baseURL: https://api.manus.im
[2026-03-24T08:08:54.951Z] Server running on http://localhost:3000/
[2026-03-24T08:09:07.056Z] 4:09:07 AM [tsx] change in ./server/routers/casos.ts Restarting...
[2026-03-24T08:09:08.751Z] c[OAuth] Initialized with baseURL: https://api.manus.im
[2026-03-24T08:09:09.324Z] Server running on http://localhost:3000/
[2026-03-24T08:09:19.106Z] 4:09:19 AM [tsx] change in ./server/routers/casos.ts Restarting...
[2026-03-24T08:09:20.804Z] c[OAuth] Initialized with baseURL: https://api.manus.im
[2026-03-24T08:09:20.983Z] Server running on http://localhost:3000/
[2026-03-24T08:37:23.104Z] 4:37:23 AM [vite] (client) page reload public/__manus__/version.json
[2026-03-24T09:20:43.098Z] 5:20:43 AM [vite] (client) page reload public/__manus__/version.json
[2026-03-24T09:24:03.286Z] 5:24:03 AM [tsx] change in ./drizzle/schema.ts Restarting...
[2026-03-24T09:24:17.149Z] c[OAuth] Initialized with baseURL: https://api.manus.im
[2026-03-24T09:24:17.942Z] Server running on http://localhost:3000/
[2026-03-24T09:29:24.144Z] 5:29:24 AM [tsx] change in ./server/routers.ts Restarting...
[2026-03-24T09:29:26.023Z] c[OAuth] Initialized with baseURL: https://api.manus.im
[2026-03-24T09:29:29.040Z] Server running on http://localhost:3000/
[2026-03-24T09:32:02.553Z] 5:32:02 AM [vite] (client) hmr update /src/pages/PanelAsesor.tsx, /src/index.css?v=qp9AnfMsY1oWVI6MgkyVO
[2026-03-24T09:32:04.007Z] 5:32:04 AM [vite] (client) ✨ new dependencies optimized: @radix-ui/react-alert-dialog
[2026-03-24T09:32:04.008Z] 5:32:04 AM [vite] (client) ✨ optimized dependencies changed. reloading
[2026-03-24T09:34:27.391Z] 5:34:27 AM [tsx] change in ./server/routers/casos.ts Restarting...
[2026-03-24T09:34:29.080Z] c[OAuth] Initialized with baseURL: https://api.manus.im
[2026-03-24T09:34:29.462Z] Server running on http://localhost:3000/
[2026-03-24T09:34:55.728Z] 5:34:55 AM [vite] (client) hmr update /src/App.tsx?v=Q5BMDOUXcpXvHBFfhqlhT, /src/index.css?v=Q5BMDOUXcpXvHBFfhqlhT
[2026-03-24T09:37:12.674Z] 5:37:12 AM [vite] (client) page reload public/__manus__/version.json
[2026-03-24T09:43:22.071Z] 5:43:22 AM [tsx] change in ./server/routers/documentos.ts Restarting...
[2026-03-24T09:43:23.826Z] c[OAuth] Initialized with baseURL: https://api.manus.im
[2026-03-24T09:43:24.467Z] Server running on http://localhost:3000/
[2026-03-24T09:43:58.074Z] 5:43:58 AM [tsx] change in ./server/routers/documentos.ts Restarting...
[2026-03-24T09:43:59.731Z] c[OAuth] Initialized with baseURL: https://api.manus.im
[2026-03-24T09:44:00.048Z] Server running on http://localhost:3000/
[2026-03-24T09:50:18.597Z] 5:50:18 AM [tsx] change in ./server/routers/documentos.ts Restarting...
[2026-03-24T09:50:20.287Z] c[OAuth] Initialized with baseURL: https://api.manus.im
[2026-03-24T09:50:20.723Z] Server running on http://localhost:3000/
[2026-03-24T09:51:14.329Z] 5:51:14 AM [vite] (client) hmr update /src/pages/PanelAsesor.tsx, /src/index.css?v=JVS2w763Wk6r83p7pd9Rr
[2026-03-24T09:51:55.276Z] 5:51:55 AM [vite] (client) hmr update /src/pages/PanelAsesor.tsx, /src/index.css?v=JVS2w763Wk6r83p7pd9Rr
[2026-03-24T09:53:39.481Z] 5:53:39 AM [vite] (client) hmr update /src/components/DocumentosPanel.tsx, /src/index.css?v=JVS2w763Wk6r83p7pd9Rr
[2026-03-24T09:54:12.161Z] 5:54:12 AM [vite] (client) hmr update /src/components/DocumentosPanel.tsx, /src/index.css?v=JVS2w763Wk6r83p7pd9Rr
[2026-03-24T09:54:28.284Z] 5:54:28 AM [vite] (client) hmr update /src/components/DocumentosPanel.tsx, /src/index.css?v=JVS2w763Wk6r83p7pd9Rr
[2026-03-24T09:54:40.322Z] 5:54:40 AM [vite] (client) hmr update /src/components/DocumentosPanel.tsx, /src/index.css?v=JVS2w763Wk6r83p7pd9Rr
[2026-03-24T09:55:31.163Z] 5:55:31 AM [vite] (client) page reload public/__manus__/version.json
[2026-03-24T10:03:31.786Z] 6:03:31 AM [tsx] change in ./drizzle/schema.ts Restarting...
[2026-03-24T10:03:33.562Z] c[OAuth] Initialized with baseURL: https://api.manus.im
[2026-03-24T10:03:33.895Z] Server running on http://localhost:3000/
[2026-03-24T10:04:33.550Z] 6:04:33 AM [tsx] change in ./server/routers/documentos.ts Restarting...
[2026-03-24T10:04:35.215Z] c[OAuth] Initialized with baseURL: https://api.manus.im
[2026-03-24T10:04:35.546Z] Server running on http://localhost:3000/
[2026-03-24T10:33:39.137Z] 6:33:39 AM [tsx] change in ./server/routers/casos.ts Restarting...
[2026-03-24T10:33:40.926Z] c[OAuth] Initialized with baseURL: https://api.manus.im
[2026-03-24T10:33:41.257Z] Server running on http://localhost:3000/
[2026-03-24T10:40:06.411Z] 6:40:06 AM [tsx] change in ./drizzle/schema.ts Restarting...
[2026-03-24T10:40:08.058Z] c[OAuth] Initialized with baseURL: https://api.manus.im
[2026-03-24T10:40:08.390Z] 6:40:08 AM [vite] (client) Re-optimizing dependencies because lockfile has changed
[2026-03-24T10:40:08.421Z] Server running on http://localhost:3000/
[2026-03-24T10:41:28.676Z] 6:41:28 AM [tsx] change in ./server/routers.ts Restarting...
[2026-03-24T10:41:30.222Z] c[OAuth] Initialized with baseURL: https://api.manus.im
[2026-03-24T10:41:30.547Z] Server running on http://localhost:3000/
[2026-03-24T10:43:02.706Z] 6:43:02 AM [vite] (client) hmr update /src/pages/SeguimientoCliente.tsx, /src/index.css?v=BOet0O8COY6u4C-YEv8hV
[2026-03-24T10:43:03.805Z] 6:43:03 AM [vite] (client) ✨ new dependencies optimized: signature_pad
[2026-03-24T10:43:03.806Z] 6:43:03 AM [vite] (client) ✨ optimized dependencies changed. reloading
[2026-03-24T10:44:41.335Z] 6:44:41 AM [vite] (client) hmr update /src/pages/PanelAsesor.tsx, /src/index.css?v=BOet0O8COY6u4C-YEv8hV
[2026-03-24T10:45:38.792Z] Dev server process group stopped
[2026-03-24T10:45:38.908Z] Dev server exited with code -15
[2026-03-24T10:45:42.375Z] Starting dev server with command: NODE_ENV=development tsx watch server/_core/index.ts
[2026-03-24T10:45:44.263Z] [OAuth] Initialized with baseURL: https://api.manus.im
[2026-03-24T10:45:44.651Z] Server running on http://localhost:3000/
[2026-03-24T10:46:16.477Z] 6:46:16 AM [vite] (client) ✨ new dependencies optimized: jspdf
[2026-03-24T10:46:16.478Z] 6:46:16 AM [vite] (client) ✨ optimized dependencies changed. reloading
[2026-03-24T11:06:02.965Z] 7:06:02 AM [vite] (client) page reload src/lib/generadorXML.ts
[2026-03-24T11:07:28.572Z] 7:07:28 AM [vite] (client) hmr update /src/pages/Triage.tsx, /src/index.css?v=HgyPFTjEqyKaLeUVPWD_D
[2026-03-24T11:08:10.909Z] 7:08:10 AM [vite] (client) hmr update /src/pages/Triage.tsx, /src/index.css?v=HgyPFTjEqyKaLeUVPWD_D
[2026-03-24T11:08:53.027Z] 7:08:53 AM [vite] (client) hmr update /src/pages/Triage.tsx, /src/index.css?v=HgyPFTjEqyKaLeUVPWD_D
[2026-03-24T11:10:08.306Z] 7:10:08 AM [vite] (client) page reload public/__manus__/version.json
[2026-03-24T11:42:13.706Z] 7:42:13 AM [vite] (client) page reload public/__manus__/version.json
[2026-03-24T14:16:24.512Z] 10:16:24 AM [vite] (client) hmr update /src/pages/Triage.tsx, /src/index.css?v=HgyPFTjEqyKaLeUVPWD_D
[2026-03-24T14:17:00.306Z] 10:17:00 AM [vite] (client) hmr update /src/pages/Triage.tsx, /src/index.css?v=HgyPFTjEqyKaLeUVPWD_D
[2026-03-24T14:17:43.745Z] 10:17:43 AM [vite] (client) page reload public/__manus__/version.json
[2026-03-24T14:26:31.812Z] 10:26:30 AM [tsx] change in ./server/routers/casos.ts Restarting...
[2026-03-24T14:26:36.603Z] c[OAuth] Initialized with baseURL: https://api.manus.im
[2026-03-24T14:26:38.981Z] Server running on http://localhost:3000/
[2026-03-24T14:27:21.047Z] 10:27:21 AM [vite] (client) hmr update /src/pages/PanelAsesor.tsx, /src/index.css?v=azGBBRd1Qw7cNqOMkxsfu
[2026-03-24T14:27:42.991Z] 10:27:42 AM [vite] (client) hmr update /src/pages/PanelAsesor.tsx, /src/index.css?v=azGBBRd1Qw7cNqOMkxsfu
[2026-03-24T14:29:07.259Z] 10:29:07 AM [vite] (client) page reload public/__manus__/version.json
[2026-03-24T14:34:48.840Z] 10:34:48 AM [vite] (client) hmr update /src/pages/Triage.tsx, /src/index.css?v=azGBBRd1Qw7cNqOMkxsfu
[2026-03-24T15:09:02.756Z] 11:09:02 AM [vite] (client) page reload public/__manus__/version.json
[2026-03-25T08:37:39.710Z] [Auth] Missing session cookie
[2026-03-25T09:13:17.234Z] 5:13:17 AM [vite] (client) hmr update /src/pages/Triage.tsx, /src/index.css?v=azGBBRd1Qw7cNqOMkxsfu
[2026-03-25T09:14:31.558Z] 5:14:31 AM [vite] (client) page reload public/__manus__/version.json
[2026-03-25T09:20:18.869Z] 5:20:18 AM [vite] (client) hmr update /src/pages/Triage.tsx, /src/index.css?v=azGBBRd1Qw7cNqOMkxsfu
[2026-03-25T09:20:48.636Z] 5:20:48 AM [vite] (client) page reload public/__manus__/version.json
[2026-03-25T10:23:50.748Z] 6:23:50 AM [vite] (client) hmr update /src/pages/Triage.tsx, /src/index.css?v=azGBBRd1Qw7cNqOMkxsfu
[2026-03-25T10:24:22.268Z] 6:24:22 AM [vite] (client) page reload public/__manus__/version.json
[2026-03-25T16:01:49.846Z] 12:01:49 PM [tsx] change in ./drizzle/schema.ts Restarting...
[2026-03-25T16:01:53.542Z] c/home/ubuntu/renta-facil-tpymes/server/routers/documentos.ts:18
[2026-03-25T16:01:53.543Z] import { documentos, rechazosDocumentos } from "../../drizzle/schema";
[2026-03-25T16:01:53.543Z] ^
[2026-03-25T16:01:53.544Z] 
[2026-03-25T16:01:53.544Z] SyntaxError: The requested module '../../drizzle/schema' does not provide an export named 'rechazosDocumentos'
[2026-03-25T16:01:53.544Z] at ModuleJob._instantiate (node:internal/modules/esm/module_job:180:21)
[2026-03-25T16:01:53.545Z] at async ModuleJob.run (node:internal/modules/esm/module_job:263:5)
[2026-03-25T16:01:53.545Z] at async onImport.tracePromise.__proto__ (node:internal/modules/esm/loader:547:26)
[2026-03-25T16:01:53.546Z] at async asyncRunEntryPointWithESMLoader (node:internal/modules/run_main:116:5)
[2026-03-25T16:01:53.546Z] 
[2026-03-25T16:01:53.546Z] Node.js v22.13.0
[2026-03-25T16:03:36.931Z] 12:03:36 PM [tsx] change in ./drizzle/schema.ts Rerunning...
[2026-03-25T16:03:39.632Z] c[OAuth] Initialized with baseURL: https://api.manus.im
[2026-03-25T16:03:41.185Z] Server running on http://localhost:3000/
[2026-03-25T16:09:40.972Z] 12:09:40 PM [tsx] change in ./server/routers.ts Restarting...
[2026-03-25T16:09:42.674Z] c[OAuth] Initialized with baseURL: https://api.manus.im
[2026-03-25T16:09:43.176Z] Server running on http://localhost:3000/
[2026-03-25T16:13:21.726Z] 12:13:21 PM [vite] (client) hmr update /src/App.tsx?v=HD0C5J47uiksmbpn9t8c_, /src/index.css?v=HD0C5J47uiksmbpn9t8c_
[2026-03-25T16:16:22.789Z] 12:16:22 PM [vite] (client) page reload public/__manus__/version.json
[2026-03-25T16:16:28.131Z] 12:16:28 PM [vite] (client) ✨ new dependencies optimized: @radix-ui/react-progress
[2026-03-25T16:16:28.132Z] 12:16:28 PM [vite] (client) ✨ optimized dependencies changed. reloading
[2026-03-25T16:17:14.347Z] Dev server process group stopped
[2026-03-25T16:17:14.387Z] Dev server exited with code -15
[2026-03-25T16:17:17.414Z] Starting dev server with command: NODE_ENV=development tsx watch server/_core/index.ts
[2026-03-25T16:17:19.709Z] [OAuth] Initialized with baseURL: https://api.manus.im
[2026-03-25T16:17:20.542Z] Server running on http://localhost:3000/
[2026-03-25T16:17:20.970Z] Dev server process group stopped
[2026-03-25T16:17:21.033Z] Dev server exited with code -15
[2026-03-25T16:17:24.006Z] Starting dev server with command: NODE_ENV=development tsx watch server/_core/index.ts
[2026-03-25T16:17:25.721Z] [OAuth] Initialized with baseURL: https://api.manus.im
[2026-03-25T16:17:26.065Z] Server running on http://localhost:3000/
[2026-03-25T16:18:30.937Z] 12:18:30 PM [tsx] change in ./server/routers.ts Restarting...
[2026-03-25T16:18:32.865Z] c[OAuth] Initialized with baseURL: https://api.manus.im
[2026-03-25T16:18:33.255Z] 12:18:33 PM [vite] (client) Re-optimizing dependencies because lockfile has changed
[2026-03-25T16:18:33.289Z] Server running on http://localhost:3000/
[2026-03-25T16:20:04.083Z] [Auth] Missing session cookie
[2026-03-25T16:24:10.017Z] 12:24:10 PM [tsx] change in ./server/routers/pagos.ts Restarting...
[2026-03-25T16:24:12.475Z] c[OAuth] Initialized with baseURL: https://api.manus.im
[2026-03-25T16:24:13.171Z] Server running on http://localhost:3000/
[2026-03-25T16:26:29.692Z] 12:26:29 PM [tsx] change in ./server/_core/index.ts Restarting...
[2026-03-25T16:26:31.708Z] c[OAuth] Initialized with baseURL: https://api.manus.im
[2026-03-25T16:26:32.088Z] Server running on http://localhost:3000/
[2026-03-25T16:27:56.436Z] [Auth] Missing session cookie
[2026-03-25T16:28:46.146Z] 12:28:46 PM [vite] (client) hmr update /src/pages/Home.tsx, /src/index.css?v=jZrKezluANhxvd3pRZ8v6
[2026-03-25T16:29:00.360Z] 12:29:00 PM [vite] (client) hmr update /src/pages/Home.tsx, /src/index.css?v=jZrKezluANhxvd3pRZ8v6
[2026-03-25T16:34:46.638Z] 12:34:46 PM [tsx] change in ./server/routers/simulador.ts Restarting...
[2026-03-25T16:34:48.802Z] c[OAuth] Initialized with baseURL: https://api.manus.im
[2026-03-25T16:34:49.287Z] 12:34:49 PM [vite] (client) Re-optimizing dependencies because lockfile has changed
[2026-03-25T16:34:49.318Z] Server running on http://localhost:3000/
[2026-03-25T16:35:32.914Z] [Auth] Missing session cookie
[2026-03-25T16:39:49.488Z] [Auth] Missing session cookie
[2026-03-25T16:39:49.504Z] [Auth] Missing session cookie
[2026-03-25T16:39:49.516Z] [Auth] Missing session cookie
[2026-03-25T16:39:49.530Z] [Auth] Missing session cookie
[2026-03-25T16:39:49.544Z] [Auth] Missing session cookie
[2026-03-25T16:42:35.620Z] 12:42:35 PM [vite] (client) hmr update /src/pages/SimuladorRenta.tsx, /src/index.css?v=Vcu5jnuCbTVOrIWi4p021
[2026-03-25T16:44:21.094Z] 12:44:21 PM [vite] (client) page reload public/__manus__/version.json
[2026-03-25T16:49:10.848Z] 12:49:10 PM [tsx] change in ./drizzle/schema.ts Restarting...
[2026-03-25T16:49:13.447Z] c[OAuth] Initialized with baseURL: https://api.manus.im
[2026-03-25T16:49:14.502Z] Server running on http://localhost:3000/
[2026-03-25T16:52:03.653Z] 12:52:03 PM [tsx] change in ./server/routers.ts Restarting...
[2026-03-25T16:52:05.595Z] c[OAuth] Initialized with baseURL: https://api.manus.im
[2026-03-25T16:52:06.125Z] Server running on http://localhost:3000/
[2026-03-25T16:56:00.507Z] 12:56:00 PM [vite] (client) hmr update /src/pages/SimuladorRenta.tsx, /src/index.css?v=TUjBsqELZIao9YJeWOJtg
[2026-03-25T16:57:04.835Z] 12:57:04 PM [vite] (client) page reload public/__manus__/version.json
[2026-03-25T17:09:45.269Z] [Auth] Missing session cookie
[2026-03-25T17:10:00.251Z] [Auth] Missing session cookie
[2026-03-25T17:10:14.646Z] [Auth] Missing session cookie
[2026-03-25T17:10:27.269Z] [Auth] Missing session cookie
[2026-03-25T19:23:00.564Z] 3:23:00 PM [tsx] change in ./drizzle/schema.ts Restarting...
[2026-03-25T19:23:02.594Z] c[OAuth] Initialized with baseURL: https://api.manus.im
[2026-03-25T19:23:03.127Z] Server running on http://localhost:3000/
[2026-03-25T19:24:39.133Z] 3:24:39 PM [tsx] change in ./server/routers/asesor.ts Restarting...
[2026-03-25T19:24:41.199Z] c[OAuth] Initialized with baseURL: https://api.manus.im
[2026-03-25T19:24:41.729Z] Server running on http://localhost:3000/
[2026-03-26T08:53:57.203Z] 4:53:57 AM [vite] (client) page reload public/__manus__/version.json
[2026-03-26T14:50:19.703Z] 10:50:19 AM [tsx] change in ./drizzle/schema.ts Restarting...
[2026-03-26T14:50:22.522Z] c[OAuth] Initialized with baseURL: https://api.manus.im
[2026-03-26T14:50:23.091Z] Server running on http://localhost:3000/
[2026-03-26T14:50:49.166Z] 10:50:49 AM [tsx] change in ./server/routers/asesor.ts Restarting...
[2026-03-26T14:50:51.031Z] c[OAuth] Initialized with baseURL: https://api.manus.im
[2026-03-26T14:50:51.557Z] Server running on http://localhost:3000/
[2026-03-26T14:51:11.933Z] 10:51:11 AM [tsx] change in ./server/routers/asesor.ts Restarting...
[2026-03-26T14:51:14.029Z] c[OAuth] Initialized with baseURL: https://api.manus.im
[2026-03-26T14:51:14.608Z] Server running on http://localhost:3000/
[2026-03-26T14:51:34.408Z] 10:51:34 AM [tsx] change in ./server/routers/asesor.ts Restarting...
[2026-03-26T14:51:36.394Z] c[OAuth] Initialized with baseURL: https://api.manus.im
[2026-03-26T14:51:36.942Z] Server running on http://localhost:3000/
[2026-03-26T14:51:51.972Z] 10:51:51 AM [tsx] change in ./server/routers/asesor.ts Restarting...
[2026-03-26T14:51:54.131Z] c[OAuth] Initialized with baseURL: https://api.manus.im
[2026-03-26T14:51:54.641Z] Server running on http://localhost:3000/
[2026-03-26T14:58:34.464Z] 10:58:34 AM [vite] (client) page reload public/__manus__/version.json
[2026-03-26T15:00:41.429Z] 11:00:41 AM [tsx] change in ./drizzle/schema.ts Restarting...
[2026-03-26T15:00:43.210Z] c[OAuth] Initialized with baseURL: https://api.manus.im
[2026-03-26T15:00:43.686Z] Server running on http://localhost:3000/
[2026-03-26T15:01:50.142Z] 11:01:50 AM [tsx] change in ./server/routers/asesor.ts Restarting...
[2026-03-26T15:01:52.057Z] c[OAuth] Initialized with baseURL: https://api.manus.im
[2026-03-26T15:01:52.591Z] Server running on http://localhost:3000/
[2026-03-26T15:02:36.033Z] 11:02:36 AM [tsx] change in ./server/routers/asesor.ts Restarting...
[2026-03-26T15:02:38.097Z] c[OAuth] Initialized with baseURL: https://api.manus.im
[2026-03-26T15:02:38.592Z] Server running on http://localhost:3000/
[2026-03-26T15:07:35.602Z] 11:07:35 AM [vite] (client) page reload public/__manus__/version.json
[2026-03-26T15:15:50.142Z] 11:15:50 AM [vite] (client) hmr update /src/components/Navbar.tsx, /src/index.css?v=3jWVDjpAZqvcTWOsgQjab
[2026-03-26T15:16:01.109Z] 11:16:01 AM [vite] (client) hmr update /src/App.tsx?v=3jWVDjpAZqvcTWOsgQjab, /src/index.css?v=3jWVDjpAZqvcTWOsgQjab
[2026-03-26T15:16:17.515Z] 11:16:17 AM [vite] (client) hmr update /src/components/Footer.tsx, /src/index.css?v=3jWVDjpAZqvcTWOsgQjab
[2026-03-26T15:16:56.237Z] 11:16:56 AM [vite] (client) hmr update /src/pages/Home.tsx, /src/index.css?v=3jWVDjpAZqvcTWOsgQjab
[2026-03-26T15:17:50.295Z] 11:17:50 AM [vite] (client) page reload public/__manus__/version.json
[2026-03-26T17:22:32.028Z] Dev server process group stopped
[2026-03-26T17:22:32.059Z] Dev server exited with code -15
[2026-03-26T17:22:35.321Z] Starting dev server with command: NODE_ENV=development tsx watch server/_core/index.ts
[2026-03-26T17:22:39.744Z] [OAuth] Initialized with baseURL: https://api.manus.im
[2026-03-26T17:22:40.674Z] Server running on http://localhost:3000/
[2026-03-26T17:23:49.647Z] Dev server process group stopped
[2026-03-26T17:23:49.688Z] Dev server exited with code -15
[2026-03-26T17:23:52.663Z] Starting dev server with command: NODE_ENV=development tsx watch server/_core/index.ts
[2026-03-26T17:23:55.385Z] [OAuth] Initialized with baseURL: https://api.manus.im
[2026-03-26T17:23:55.977Z] Server running on http://localhost:3000/
[2026-03-26T20:23:27.036Z] 4:23:27 PM [vite] (client) hmr update /src/pages/Home.tsx, /src/index.css?v=ZrqRmFxwcKnsDIk7-uhna
[2026-03-26T20:23:46.314Z] 4:23:46 PM [vite] (client) hmr update /src/App.tsx?v=ZrqRmFxwcKnsDIk7-uhna, /src/index.css?v=ZrqRmFxwcKnsDIk7-uhna
[2026-03-26T20:24:05.890Z] 4:24:05 PM [vite] (client) hmr update /src/components/Footer.tsx, /src/index.css?v=ZrqRmFxwcKnsDIk7-uhna
[2026-03-26T20:24:45.967Z] 4:24:45 PM [vite] (client) hmr update /src/pages/AvisoLegal.tsx, /src/index.css?v=ZrqRmFxwcKnsDIk7-uhna
[2026-03-26T20:26:00.162Z] 4:26:00 PM [vite] (client) page reload public/__manus__/version.json
[2026-03-26T20:37:01.777Z] 4:37:01 PM [tsx] change in ./server/_core/context.ts Restarting...
[2026-03-26T20:37:03.880Z] c[OAuth] Initialized with baseURL: https://api.manus.im
[2026-03-26T20:37:04.424Z] Server running on http://localhost:3000/
[2026-03-26T20:37:18.798Z] 4:37:18 PM [tsx] change in ./server/_core/oauth.ts Restarting...
[2026-03-26T20:37:21.222Z] cServer running on http://localhost:3000/
[2026-03-26T20:37:37.048Z] 4:37:37 PM [tsx] change in ./server/_core/notification.ts Restarting...
[2026-03-26T20:37:39.944Z] cServer running on http://localhost:3000/
[2026-03-26T20:38:50.914Z] 4:38:50 PM [tsx] change in ./server/_core/env.ts Restarting...
[2026-03-26T20:38:53.657Z] cServer running on http://localhost:3000/
[2026-03-26T20:39:37.676Z] 4:39:37 PM [tsx] change in ./server/db.ts Restarting...
[2026-03-26T20:39:43.276Z] cServer running on http://localhost:3000/
[2026-03-26T20:41:04.534Z] 4:41:04 PM [tsx] unlink in ./server/_core/sdk.ts Restarting...
[2026-03-26T20:41:07.053Z] cServer running on http://localhost:3000/
[2026-03-26T20:51:14.515Z] 4:51:14 PM [vite] (client) page reload public/__manus__/version.json
[2026-03-26T21:33:49.579Z] 5:33:49 PM [vite] (client) page reload public/__manus__/version.json
[2026-03-27T06:11:21.504Z] 2:11:21 AM [tsx] change in ./server/routers/pagos.ts Restarting...
[2026-03-27T06:11:24.394Z] cServer running on http://localhost:3000/
[2026-03-27T06:11:41.318Z] 2:11:41 AM [tsx] change in ./server/routers/pagos.ts Restarting...
[2026-03-27T06:11:43.813Z] cServer running on http://localhost:3000/
[2026-03-27T06:12:39.790Z] 2:12:39 AM [tsx] change in ./server/stripeWebhook.ts Restarting...
[2026-03-27T06:12:42.718Z] cServer running on http://localhost:3000/
[2026-03-27T06:12:55.976Z] 2:12:55 AM [tsx] change in ./server/stripeWebhook.ts Restarting...
[2026-03-27T06:12:58.530Z] cServer running on http://localhost:3000/
[2026-03-27T06:28:15.210Z] Dev server process group stopped
[2026-03-27T06:28:15.249Z] Dev server exited with code -15
[2026-03-27T06:28:18.266Z] Starting dev server with command: NODE_ENV=development tsx watch server/_core/index.ts
[2026-03-27T06:28:21.201Z] Server running on http://localhost:3000/
[2026-03-27T08:25:45.189Z] 4:25:45 AM [tsx] change in ./server/lib/motorFiscal.ts Restarting...
[2026-03-27T08:25:48.099Z] cServer running on http://localhost:3000/
[2026-03-27T08:26:26.666Z] 4:26:26 AM [tsx] change in ./server/lib/motorFiscal.ts Restarting...
[2026-03-27T08:26:30.478Z] cServer running on http://localhost:3000/
[2026-03-27T08:26:51.505Z] 4:26:51 AM [tsx] change in ./server/lib/motorFiscal.ts Restarting...
[2026-03-27T08:26:54.422Z] cServer running on http://localhost:3000/
[2026-03-27T08:26:59.806Z] 4:26:59 AM [tsx] change in ./server/lib/motorFiscal.ts Restarting...
[2026-03-27T08:27:02.578Z] cServer running on http://localhost:3000/
[2026-03-27T09:58:13.552Z] 5:58:13 AM [tsx] change in ./server/stripeWebhook.ts Restarting...
[2026-03-27T09:58:19.881Z] cServer running on http://localhost:3000/
[2026-03-27T09:58:20.479Z] 5:58:20 AM [tsx] change in ./server/stripeWebhook.ts Restarting...
[2026-03-27T09:58:22.982Z] cServer running on http://localhost:3000/
[2026-03-27T09:58:51.940Z] 5:58:51 AM [tsx] change in ./server/lib/motorFiscal.ts Restarting...
[2026-03-27T09:58:54.290Z] cServer running on http://localhost:3000/
[2026-03-27T09:59:53.079Z] 5:59:53 AM [tsx] change in ./server/_core/index.ts Restarting...
[2026-03-27T09:59:56.251Z] cServer running on http://localhost:3000/
[2026-03-27T10:01:10.230Z] 6:01:10 AM [vite] (client) page reload public/__manus__/version.json
[2026-03-27T10:40:15.018Z] 6:40:15 AM [vite] (client) hmr update /src/pages/Home.tsx, /src/index.css?v=IosvNt5ySvJtm-Hq8er80
[2026-03-27T10:41:16.567Z] 6:41:16 AM [vite] (client) page reload public/__manus__/version.json
[2026-03-27T10:45:48.901Z] 6:45:48 AM [vite] (client) hmr update /src/components/Navbar.tsx, /src/index.css?v=IosvNt5ySvJtm-Hq8er80
[2026-03-27T10:46:24.614Z] 6:46:24 AM [vite] (client) page reload public/__manus__/version.json
[2026-03-27T10:47:47.523Z] 6:47:47 AM [vite] (client) hmr update /src/pages/Home.tsx, /src/index.css?v=IosvNt5ySvJtm-Hq8er80
[2026-03-27T10:47:47.715Z] 6:47:47 AM [vite] Internal server error: /home/ubuntu/renta-facil-tpymes/client/src/pages/Home.tsx: Unexpected token, expected "," (231:12)
[2026-03-27T10:47:47.716Z] 
[2026-03-27T10:47:47.716Z] 229 |   const profiles = [
[2026-03-27T10:47:47.717Z] 230 |     {
[2026-03-27T10:47:47.717Z] > 231 |       ic    { Icon: Users, color: "#059669", bg: "#edf7f3", title: "Casos habituales",
[2026-03-27T10:47:47.717Z] |             ^
[2026-03-27T10:47:47.718Z] 232 |       desc: "Asalariados, pensionistas y personas con situaciones fiscales frecuentes y estructura clara.",
[2026-03-27T10:47:47.718Z] 233 |       items: ["Asalariados con uno o varios pagadores", "Pensionistas del sistema público o privado", "Propietarios con ingresos de alquiler"],
[2026-03-27T10:47:47.718Z] 234 |     },
[2026-03-27T10:47:47.718Z] Plugin: vite:react-babel
[2026-03-27T10:47:47.719Z] File: /home/ubuntu/renta-facil-tpymes/client/src/pages/Home.tsx:231:12
[2026-03-27T10:47:47.719Z] 229|    const profiles = [
[2026-03-27T10:47:47.719Z] 230|      {
[2026-03-27T10:47:47.720Z] 231|        ic    { Icon: Users, color: "#059669", bg: "#edf7f3", title: "Casos habituales",
[2026-03-27T10:47:47.720Z] |              ^
[2026-03-27T10:47:47.720Z] 232|        desc: "Asalariados, pensionistas y personas con situaciones fiscales frecuentes y estructura clara.",
[2026-03-27T10:47:47.721Z] 233|        items: ["Asalariados con uno o varios pagadores", "Pensionistas del sistema público o privado", "Propietarios con ingresos de alquiler"],
[2026-03-27T10:47:47.721Z] at toParseError (/home/ubuntu/renta-facil-tpymes/node_modules/.pnpm/@babel+parser@7.29.0/node_modules/@babel/parser/src/parse-error.ts:95:45)
[2026-03-27T10:47:47.721Z] at raise (/home/ubuntu/renta-facil-tpymes/node_modules/.pnpm/@babel+parser@7.29.0/node_modules/@babel/parser/src/tokenizer/index.ts:1504:19)
[2026-03-27T10:47:47.722Z] at unexpected (/home/ubuntu/renta-facil-tpymes/node_modules/.pnpm/@babel+parser@7.29.0/node_modules/@babel/parser/src/tokenizer/index.ts:1544:16)
[2026-03-27T10:47:47.722Z] at expect (/home/ubuntu/renta-facil-tpymes/node_modules/.pnpm/@babel+parser@7.29.0/node_modules/@babel/parser/src/parser/util.ts:157:12)
[2026-03-27T10:47:47.722Z] at parseObjectLike (/home/ubuntu/renta-facil-tpymes/node_modules/.pnpm/@babel+parser@7.29.0/node_modules/@babel/parser/src/parser/expression.ts:2084:14)
[2026-03-27T10:47:47.723Z] at parseExprAtom (/home/ubuntu/renta-facil-tpymes/node_modules/.pnpm/@babel+parser@7.29.0/node_modules/@babel/parser/src/parser/expression.ts:1181:21)
[2026-03-27T10:47:47.723Z] at parseExprAtom (/home/ubuntu/renta-facil-tpymes/node_modules/.pnpm/@babel+parser@7.29.0/node_modules/@babel/parser/src/plugins/jsx/index.ts:583:22)
[2026-03-27T10:47:47.724Z] at parseExprSubscripts (/home/ubuntu/renta-facil-tpymes/node_modules/.pnpm/@babel+parser@7.29.0/node_modules/@babel/parser/src/parser/expression.ts:742:23)
[2026-03-27T10:47:47.724Z] at parseUpdate (/home/ubuntu/renta-facil-tpymes/node_modules/.pnpm/@babel+parser@7.29.0/node_modules/@babel/parser/src/parser/expression.ts:721:21)
[2026-03-27T10:47:47.725Z] at parseMaybeUnary (/home/ubuntu/renta-facil-tpymes/node_modules/.pnpm/@babel+parser@7.29.0/node_modules/@babel/parser/src/parser/expression.ts:683:23)
[2026-03-27T10:47:47.725Z] at parseMaybeUnary (/home/ubuntu/renta-facil-tpymes/node_modules/.pnpm/@babel+parser@7.29.0/node_modules/@babel/parser/src/plugins/typescript/index.ts:3893:20)
[2026-03-27T10:47:47.725Z] at parseMaybeUnaryOrPrivate (/home/ubuntu/renta-facil-tpymes/node_modules/.pnpm/@babel+parser@7.29.0/node_modules/@babel/parser/src/parser/expression.ts:417:14)
[2026-03-27T10:47:47.726Z] at parseExprOps (/home/ubuntu/renta-facil-tpymes/node_modules/.pnpm/@babel+parser@7.29.0/node_modules/@babel/parser/src/parser/expression.ts:429:23)
[2026-03-27T10:47:47.726Z] at parseMaybeConditional (/home/ubuntu/renta-facil-tpymes/node_modules/.pnpm/@babel+parser@7.29.0/node_modules/@babel/parser/src/parser/expression.ts:384:23)
[2026-03-27T10:47:47.729Z] at parseMaybeAssign (/home/ubuntu/renta-facil-tpymes/node_modules/.pnpm/@babel+parser@7.29.0/node_modules/@babel/parser/src/parser/expression.ts:301:21)
[2026-03-27T10:47:47.729Z] at parseMaybeAssign (/home/ubuntu/renta-facil-tpymes/node_modules/.pnpm/@babel+parser@7.29.0/node_modules/@babel/parser/src/plugins/typescript/index.ts:3764:22)
[2026-03-27T10:47:47.729Z] at callback (/home/ubuntu/renta-facil-tpymes/node_modules/.pnpm/@babel+parser@7.29.0/node_modules/@babel/parser/src/parser/expression.ts:257:12)
[2026-03-27T10:47:47.730Z] at allowInAnd (/home/ubuntu/renta-facil-tpymes/node_modules/.pnpm/@babel+parser@7.29.0/node_modules/@babel/parser/src/parser/expression.ts:3194:12)
[2026-03-27T10:47:47.730Z] at parseMaybeAssignAllowIn (/home/ubuntu/renta-facil-tpymes/node_modules/.pnpm/@babel+parser@7.29.0/node_modules/@babel/parser/src/parser/expression.ts:256:17)
[2026-03-27T10:47:47.730Z] at parseMaybeAssignAllowInOrVoidPattern (/home/ubuntu/renta-facil-tpymes/node_modules/.pnpm/@babel+parser@7.29.0/node_modules/@babel/parser/src/parser/expression.ts:3308:17)
[2026-03-27T10:47:47.731Z] at parseExprListItem (/home/ubuntu/renta-facil-tpymes/node_modules/.pnpm/@babel+parser@7.29.0/node_modules/@babel/parser/src/parser/expression.ts:2790:18)
[2026-03-27T10:47:47.731Z] at parseExprList (/home/ubuntu/renta-facil-tpymes/node_modules/.pnpm/@babel+parser@7.29.0/node_modules/@babel/parser/src/parser/expression.ts:2734:22)
[2026-03-27T10:47:47.731Z] at parseArrayLike (/home/ubuntu/renta-facil-tpymes/node_modules/.pnpm/@babel+parser@7.29.0/node_modules/@babel/parser/src/parser/expression.ts:2515:26)
[2026-03-27T10:47:47.732Z] at parseArrayLike (/home/ubuntu/renta-facil-tpymes/node_modules/.pnpm/@babel+parser@7.29.0/node_modules/@babel/parser/src/plugins/typescript/index.ts:2650:26)
[2026-03-27T10:47:47.732Z] at parseExprAtom (/home/ubuntu/renta-facil-tpymes/node_modules/.pnpm/@babel+parser@7.29.0/node_modules/@babel/parser/src/parser/expression.ts:1174:21)
[2026-03-27T10:47:47.732Z] at parseExprAtom (/home/ubuntu/renta-facil-tpymes/node_modules/.pnpm/@babel+parser@7.29.0/node_modules/@babel/parser/src/plugins/jsx/index.ts:583:22)
[2026-03-27T10:47:47.733Z] at parseExprSubscripts (/home/ubuntu/renta-facil-tpymes/node_modules/.pnpm/@babel+parser@7.29.0/node_modules/@babel/parser/src/parser/expression.ts:742:23)
[2026-03-27T10:47:47.733Z] at parseUpdate (/home/ubuntu/renta-facil-tpymes/node_modules/.pnpm/@babel+parser@7.29.0/node_modules/@babel/parser/src/parser/expression.ts:721:21)
[2026-03-27T10:47:47.733Z] at parseMaybeUnary (/home/ubuntu/renta-facil-tpymes/node_modules/.pnpm/@babel+parser@7.29.0/node_modules/@babel/parser/src/parser/expression.ts:683:23)
[2026-03-27T10:47:47.734Z] at parseMaybeUnary (/home/ubuntu/renta-facil-tpymes/node_modules/.pnpm/@babel+parser@7.29.0/node_modules/@babel/parser/src/plugins/typescript/index.ts:3893:20)
[2026-03-27T10:47:47.734Z] at parseMaybeUnaryOrPrivate (/home/ubuntu/renta-facil-tpymes/node_modules/.pnpm/@babel+parser@7.29.0/node_modules/@babel/parser/src/parser/expression.ts:417:14)
[2026-03-27T10:47:47.734Z] at parseExprOps (/home/ubuntu/renta-facil-tpymes/node_modules/.pnpm/@babel+parser@7.29.0/node_modules/@babel/parser/src/parser/expression.ts:429:23)
[2026-03-27T10:47:47.734Z] at parseMaybeConditional (/home/ubuntu/renta-facil-tpymes/node_modules/.pnpm/@babel+parser@7.29.0/node_modules/@babel/parser/src/parser/expression.ts:384:23)
[2026-03-27T10:47:47.735Z] at parseMaybeAssign (/home/ubuntu/renta-facil-tpymes/node_modules/.pnpm/@babel+parser@7.29.0/node_modules/@babel/parser/src/parser/expression.ts:301:21)
[2026-03-27T10:47:47.735Z] at parseMaybeAssign (/home/ubuntu/renta-facil-tpymes/node_modules/.pnpm/@babel+parser@7.29.0/node_modules/@babel/parser/src/plugins/typescript/index.ts:3764:22)
[2026-03-27T10:47:47.735Z] at callback (/home/ubuntu/renta-facil-tpymes/node_modules/.pnpm/@babel+parser@7.29.0/node_modules/@babel/parser/src/parser/expression.ts:257:12)
[2026-03-27T10:47:47.736Z] at allowInAnd (/home/ubuntu/renta-facil-tpymes/node_modules/.pnpm/@babel+parser@7.29.0/node_modules/@babel/parser/src/parser/expression.ts:3189:16)
[2026-03-27T10:47:47.736Z] at parseMaybeAssignAllowIn (/home/ubuntu/renta-facil-tpymes/node_modules/.pnpm/@babel+parser@7.29.0/node_modules/@babel/parser/src/parser/expression.ts:256:17)
[2026-03-27T10:47:47.736Z] at parseVar (/home/ubuntu/renta-facil-tpymes/node_modules/.pnpm/@babel+parser@7.29.0/node_modules/@babel/parser/src/parser/statement.ts:1587:18)
[2026-03-27T10:47:47.737Z] at parseVarStatement (/home/ubuntu/renta-facil-tpymes/node_modules/.pnpm/@babel+parser@7.29.0/node_modules/@babel/parser/src/parser/statement.ts:1251:10)
[2026-03-27T10:47:47.737Z] at parseVarStatement (/home/ubuntu/renta-facil-tpymes/node_modules/.pnpm/@babel+parser@7.29.0/node_modules/@babel/parser/src/plugins/typescript/index.ts:3085:33)
[2026-03-27T10:47:47.737Z] at parseStatementContent (/home/ubuntu/renta-facil-tpymes/node_modules/.pnpm/@babel+parser@7.29.0/node_modules/@babel/parser/src/parser/statement.ts:612:21)
[2026-03-27T10:47:47.738Z] at parseStatementContent (/home/ubuntu/renta-facil-tpymes/node_modules/.pnpm/@babel+parser@7.29.0/node_modules/@babel/parser/src/plugins/typescript/index.ts:3220:20)
[2026-03-27T10:47:47.738Z] at parseStatementLike (/home/ubuntu/renta-facil-tpymes/node_modules/.pnpm/@babel+parser@7.29.0/node_modules/@babel/parser/src/parser/statement.ts:482:17)
[2026-03-27T10:47:47.738Z] at parseStatementListItem (/home/ubuntu/renta-facil-tpymes/node_modules/.pnpm/@babel+parser@7.29.0/node_modules/@babel/parser/src/parser/statement.ts:431:17)
[2026-03-27T10:47:47.739Z] at parseBlockOrModuleBlockBody (/home/ubuntu/renta-facil-tpymes/node_modules/.pnpm/@babel+parser@7.29.0/node_modules/@babel/parser/src/parser/statement.ts:1444:16)
[2026-03-27T10:47:47.739Z] at parseBlockBody (/home/ubuntu/renta-facil-tpymes/node_modules/.pnpm/@babel+parser@7.29.0/node_modules/@babel/parser/src/parser/statement.ts:1417:10)
[2026-03-27T10:47:47.739Z] at parseBlock (/home/ubuntu/renta-facil-tpymes/node_modules/.pnpm/@babel+parser@7.29.0/node_modules/@babel/parser/src/parser/statement.ts:1385:10)
[2026-03-27T10:47:47.740Z] at parseFunctionBody (/home/ubuntu/renta-facil-tpymes/node_modules/.pnpm/@babel+parser@7.29.0/node_modules/@babel/parser/src/parser/expression.ts:2618:24)
[2026-03-27T10:47:47.740Z] at parseFunctionBodyAndFinish (/home/ubuntu/renta-facil-tpymes/node_modules/.pnpm/@babel+parser@7.29.0/node_modules/@babel/parser/src/parser/expression.ts:2587:10)
[2026-03-27T10:47:47.779Z] 6:47:47 AM [vite] (client) Pre-transform error: /home/ubuntu/renta-facil-tpymes/client/src/pages/Home.tsx: Unexpected token, expected "," (231:12)
[2026-03-27T10:47:47.779Z] 
[2026-03-27T10:47:47.780Z] 229 |   const profiles = [
[2026-03-27T10:47:47.780Z] 230 |     {
[2026-03-27T10:47:47.780Z] > 231 |       ic    { Icon: Users, color: "#059669", bg: "#edf7f3", title: "Casos habituales",
[2026-03-27T10:47:47.781Z] |             ^
[2026-03-27T10:47:47.786Z] 232 |       desc: "Asalariados, pensionistas y personas con situaciones fiscales frecuentes y estructura clara.",
[2026-03-27T10:47:47.786Z] 233 |       items: ["Asalariados con uno o varios pagadores", "Pensionistas del sistema público o privado", "Propietarios con ingresos de alquiler"],
[2026-03-27T10:47:47.786Z] 234 |     },
[2026-03-27T10:47:47.787Z] Plugin: vite:react-babel
[2026-03-27T10:47:47.787Z] File: /home/ubuntu/renta-facil-tpymes/client/src/pages/Home.tsx:231:12
[2026-03-27T10:47:47.788Z] 229|    const profiles = [
[2026-03-27T10:47:47.788Z] 230|      {
[2026-03-27T10:47:47.788Z] 231|        ic    { Icon: Users, color: "#059669", bg: "#edf7f3", title: "Casos habituales",
[2026-03-27T10:47:47.789Z] |              ^
[2026-03-27T10:47:47.789Z] 232|        desc: "Asalariados, pensionistas y personas con situaciones fiscales frecuentes y estructura clara.",
[2026-03-27T10:47:47.789Z] 233|        items: ["Asalariados con uno o varios pagadores", "Pensionistas del sistema público o privado", "Propietarios con ingresos de alquiler"],
[2026-03-27T10:47:57.323Z] 6:47:57 AM [vite] Internal server error: /home/ubuntu/renta-facil-tpymes/client/src/pages/Home.tsx: Unexpected token, expected "," (231:12)
[2026-03-27T10:47:57.324Z] 
[2026-03-27T10:47:57.324Z] 229 |   const profiles = [
[2026-03-27T10:47:57.325Z] 230 |     {
[2026-03-27T10:47:57.325Z] > 231 |       ic    { Icon: Users, color: "#059669", bg: "#edf7f3", title: "Casos habituales",
[2026-03-27T10:47:57.325Z] |             ^
[2026-03-27T10:47:57.326Z] 232 |       desc: "Asalariados, pensionistas y personas con situaciones fiscales frecuentes y estructura clara.",
[2026-03-27T10:47:57.326Z] 233 |       items: ["Asalariados con uno o varios pagadores", "Pensionistas del sistema público o privado", "Propietarios con ingresos de alquiler"],
[2026-03-27T10:47:57.327Z] 234 |     },
[2026-03-27T10:47:57.327Z] Plugin: vite:react-babel
[2026-03-27T10:47:57.327Z] File: /home/ubuntu/renta-facil-tpymes/client/src/pages/Home.tsx:231:12
[2026-03-27T10:47:57.328Z] 229|    const profiles = [
[2026-03-27T10:47:57.328Z] 230|      {
[2026-03-27T10:47:57.328Z] 231|        ic    { Icon: Users, color: "#059669", bg: "#edf7f3", title: "Casos habituales",
[2026-03-27T10:47:57.329Z] |              ^
[2026-03-27T10:47:57.329Z] 232|        desc: "Asalariados, pensionistas y personas con situaciones fiscales frecuentes y estructura clara.",
[2026-03-27T10:47:57.329Z] 233|        items: ["Asalariados con uno o varios pagadores", "Pensionistas del sistema público o privado", "Propietarios con ingresos de alquiler"],
[2026-03-27T10:47:57.329Z] at toParseError (/home/ubuntu/renta-facil-tpymes/node_modules/.pnpm/@babel+parser@7.29.0/node_modules/@babel/parser/src/parse-error.ts:95:45)
[2026-03-27T10:47:57.330Z] at raise (/home/ubuntu/renta-facil-tpymes/node_modules/.pnpm/@babel+parser@7.29.0/node_modules/@babel/parser/src/tokenizer/index.ts:1504:19)
[2026-03-27T10:47:57.330Z] at unexpected (/home/ubuntu/renta-facil-tpymes/node_modules/.pnpm/@babel+parser@7.29.0/node_modules/@babel/parser/src/tokenizer/index.ts:1544:16)
[2026-03-27T10:47:57.330Z] at expect (/home/ubuntu/renta-facil-tpymes/node_modules/.pnpm/@babel+parser@7.29.0/node_modules/@babel/parser/src/parser/util.ts:157:12)
[2026-03-27T10:47:57.331Z] at parseObjectLike (/home/ubuntu/renta-facil-tpymes/node_modules/.pnpm/@babel+parser@7.29.0/node_modules/@babel/parser/src/parser/expression.ts:2084:14)
[2026-03-27T10:47:57.331Z] at parseExprAtom (/home/ubuntu/renta-facil-tpymes/node_modules/.pnpm/@babel+parser@7.29.0/node_modules/@babel/parser/src/parser/expression.ts:1181:21)
[2026-03-27T10:47:57.331Z] at parseExprAtom (/home/ubuntu/renta-facil-tpymes/node_modules/.pnpm/@babel+parser@7.29.0/node_modules/@babel/parser/src/plugins/jsx/index.ts:583:22)
[2026-03-27T10:47:57.332Z] at parseExprSubscripts (/home/ubuntu/renta-facil-tpymes/node_modules/.pnpm/@babel+parser@7.29.0/node_modules/@babel/parser/src/parser/expression.ts:742:23)
[2026-03-27T10:47:57.332Z] at parseUpdate (/home/ubuntu/renta-facil-tpymes/node_modules/.pnpm/@babel+parser@7.29.0/node_modules/@babel/parser/src/parser/expression.ts:721:21)
[2026-03-27T10:47:57.332Z] at parseMaybeUnary (/home/ubuntu/renta-facil-tpymes/node_modules/.pnpm/@babel+parser@7.29.0/node_modules/@babel/parser/src/parser/expression.ts:683:23)
[2026-03-27T10:47:57.333Z] at parseMaybeUnary (/home/ubuntu/renta-facil-tpymes/node_modules/.pnpm/@babel+parser@7.29.0/node_modules/@babel/parser/src/plugins/typescript/index.ts:3893:20)
[2026-03-27T10:47:57.333Z] at parseMaybeUnaryOrPrivate (/home/ubuntu/renta-facil-tpymes/node_modules/.pnpm/@babel+parser@7.29.0/node_modules/@babel/parser/src/parser/expression.ts:417:14)
[2026-03-27T10:47:57.333Z] at parseExprOps (/home/ubuntu/renta-facil-tpymes/node_modules/.pnpm/@babel+parser@7.29.0/node_modules/@babel/parser/src/parser/expression.ts:429:23)
[2026-03-27T10:47:57.334Z] at parseMaybeConditional (/home/ubuntu/renta-facil-tpymes/node_modules/.pnpm/@babel+parser@7.29.0/node_modules/@babel/parser/src/parser/expression.ts:384:23)
[2026-03-27T10:47:57.334Z] at parseMaybeAssign (/home/ubuntu/renta-facil-tpymes/node_modules/.pnpm/@babel+parser@7.29.0/node_modules/@babel/parser/src/parser/expression.ts:301:21)
[2026-03-27T10:47:57.335Z] at parseMaybeAssign (/home/ubuntu/renta-facil-tpymes/node_modules/.pnpm/@babel+parser@7.29.0/node_modules/@babel/parser/src/plugins/typescript/index.ts:3764:22)
[2026-03-27T10:47:57.335Z] at callback (/home/ubuntu/renta-facil-tpymes/node_modules/.pnpm/@babel+parser@7.29.0/node_modules/@babel/parser/src/parser/expression.ts:257:12)
[2026-03-27T10:47:57.336Z] at allowInAnd (/home/ubuntu/renta-facil-tpymes/node_modules/.pnpm/@babel+parser@7.29.0/node_modules/@babel/parser/src/parser/expression.ts:3194:12)
[2026-03-27T10:47:57.336Z] at parseMaybeAssignAllowIn (/home/ubuntu/renta-facil-tpymes/node_modules/.pnpm/@babel+parser@7.29.0/node_modules/@babel/parser/src/parser/expression.ts:256:17)
[2026-03-27T10:47:57.336Z] at parseMaybeAssignAllowInOrVoidPattern (/home/ubuntu/renta-facil-tpymes/node_modules/.pnpm/@babel+parser@7.29.0/node_modules/@babel/parser/src/parser/expression.ts:3308:17)
[2026-03-27T10:47:57.337Z] at parseExprListItem (/home/ubuntu/renta-facil-tpymes/node_modules/.pnpm/@babel+parser@7.29.0/node_modules/@babel/parser/src/parser/expression.ts:2790:18)
[2026-03-27T10:47:57.337Z] at parseExprList (/home/ubuntu/renta-facil-tpymes/node_modules/.pnpm/@babel+parser@7.29.0/node_modules/@babel/parser/src/parser/expression.ts:2734:22)
[2026-03-27T10:47:57.337Z] at parseArrayLike (/home/ubuntu/renta-facil-tpymes/node_modules/.pnpm/@babel+parser@7.29.0/node_modules/@babel/parser/src/parser/expression.ts:2515:26)
[2026-03-27T10:47:57.338Z] at parseArrayLike (/home/ubuntu/renta-facil-tpymes/node_modules/.pnpm/@babel+parser@7.29.0/node_modules/@babel/parser/src/plugins/typescript/index.ts:2650:26)
[2026-03-27T10:47:57.338Z] at parseExprAtom (/home/ubuntu/renta-facil-tpymes/node_modules/.pnpm/@babel+parser@7.29.0/node_modules/@babel/parser/src/parser/expression.ts:1174:21)
[2026-03-27T10:47:57.339Z] at parseExprAtom (/home/ubuntu/renta-facil-tpymes/node_modules/.pnpm/@babel+parser@7.29.0/node_modules/@babel/parser/src/plugins/jsx/index.ts:583:22)
[2026-03-27T10:47:57.339Z] at parseExprSubscripts (/home/ubuntu/renta-facil-tpymes/node_modules/.pnpm/@babel+parser@7.29.0/node_modules/@babel/parser/src/parser/expression.ts:742:23)
[2026-03-27T10:47:57.339Z] at parseUpdate (/home/ubuntu/renta-facil-tpymes/node_modules/.pnpm/@babel+parser@7.29.0/node_modules/@babel/parser/src/parser/expression.ts:721:21)
[2026-03-27T10:47:57.340Z] at parseMaybeUnary (/home/ubuntu/renta-facil-tpymes/node_modules/.pnpm/@babel+parser@7.29.0/node_modules/@babel/parser/src/parser/expression.ts:683:23)
[2026-03-27T10:47:57.340Z] at parseMaybeUnary (/home/ubuntu/renta-facil-tpymes/node_modules/.pnpm/@babel+parser@7.29.0/node_modules/@babel/parser/src/plugins/typescript/index.ts:3893:20)
[2026-03-27T10:47:57.340Z] at parseMaybeUnaryOrPrivate (/home/ubuntu/renta-facil-tpymes/node_modules/.pnpm/@babel+parser@7.29.0/node_modules/@babel/parser/src/parser/expression.ts:417:14)
[2026-03-27T10:47:57.341Z] at parseExprOps (/home/ubuntu/renta-facil-tpymes/node_modules/.pnpm/@babel+parser@7.29.0/node_modules/@babel/parser/src/parser/expression.ts:429:23)
[2026-03-27T10:47:57.341Z] at parseMaybeConditional (/home/ubuntu/renta-facil-tpymes/node_modules/.pnpm/@babel+parser@7.29.0/node_modules/@babel/parser/src/parser/expression.ts:384:23)
[2026-03-27T10:47:57.342Z] at parseMaybeAssign (/home/ubuntu/renta-facil-tpymes/node_modules/.pnpm/@babel+parser@7.29.0/node_modules/@babel/parser/src/parser/expression.ts:301:21)
[2026-03-27T10:47:57.342Z] at parseMaybeAssign (/home/ubuntu/renta-facil-tpymes/node_modules/.pnpm/@babel+parser@7.29.0/node_modules/@babel/parser/src/plugins/typescript/index.ts:3764:22)
[2026-03-27T10:47:57.343Z] at callback (/home/ubuntu/renta-facil-tpymes/node_modules/.pnpm/@babel+parser@7.29.0/node_modules/@babel/parser/src/parser/expression.ts:257:12)
[2026-03-27T10:47:57.343Z] at allowInAnd (/home/ubuntu/renta-facil-tpymes/node_modules/.pnpm/@babel+parser@7.29.0/node_modules/@babel/parser/src/parser/expression.ts:3189:16)
[2026-03-27T10:47:57.344Z] at parseMaybeAssignAllowIn (/home/ubuntu/renta-facil-tpymes/node_modules/.pnpm/@babel+parser@7.29.0/node_modules/@babel/parser/src/parser/expression.ts:256:17)
[2026-03-27T10:47:57.344Z] at parseVar (/home/ubuntu/renta-facil-tpymes/node_modules/.pnpm/@babel+parser@7.29.0/node_modules/@babel/parser/src/parser/statement.ts:1587:18)
[2026-03-27T10:47:57.345Z] at parseVarStatement (/home/ubuntu/renta-facil-tpymes/node_modules/.pnpm/@babel+parser@7.29.0/node_modules/@babel/parser/src/parser/statement.ts:1251:10)
[2026-03-27T10:47:57.345Z] at parseVarStatement (/home/ubuntu/renta-facil-tpymes/node_modules/.pnpm/@babel+parser@7.29.0/node_modules/@babel/parser/src/plugins/typescript/index.ts:3085:33)
[2026-03-27T10:47:57.346Z] at parseStatementContent (/home/ubuntu/renta-facil-tpymes/node_modules/.pnpm/@babel+parser@7.29.0/node_modules/@babel/parser/src/parser/statement.ts:612:21)
[2026-03-27T10:47:57.346Z] at parseStatementContent (/home/ubuntu/renta-facil-tpymes/node_modules/.pnpm/@babel+parser@7.29.0/node_modules/@babel/parser/src/plugins/typescript/index.ts:3220:20)
[2026-03-27T10:47:57.349Z] at parseStatementLike (/home/ubuntu/renta-facil-tpymes/node_modules/.pnpm/@babel+parser@7.29.0/node_modules/@babel/parser/src/parser/statement.ts:482:17)
[2026-03-27T10:47:57.349Z] at parseStatementListItem (/home/ubuntu/renta-facil-tpymes/node_modules/.pnpm/@babel+parser@7.29.0/node_modules/@babel/parser/src/parser/statement.ts:431:17)
[2026-03-27T10:47:57.350Z] at parseBlockOrModuleBlockBody (/home/ubuntu/renta-facil-tpymes/node_modules/.pnpm/@babel+parser@7.29.0/node_modules/@babel/parser/src/parser/statement.ts:1444:16)
[2026-03-27T10:47:57.351Z] at parseBlockBody (/home/ubuntu/renta-facil-tpymes/node_modules/.pnpm/@babel+parser@7.29.0/node_modules/@babel/parser/src/parser/statement.ts:1417:10)
[2026-03-27T10:47:57.351Z] at parseBlock (/home/ubuntu/renta-facil-tpymes/node_modules/.pnpm/@babel+parser@7.29.0/node_modules/@babel/parser/src/parser/statement.ts:1385:10)
[2026-03-27T10:47:57.352Z] at parseFunctionBody (/home/ubuntu/renta-facil-tpymes/node_modules/.pnpm/@babel+parser@7.29.0/node_modules/@babel/parser/src/parser/expression.ts:2618:24)
[2026-03-27T10:47:57.352Z] at parseFunctionBodyAndFinish (/home/ubuntu/renta-facil-tpymes/node_modules/.pnpm/@babel+parser@7.29.0/node_modules/@babel/parser/src/parser/expression.ts:2587:10)
[2026-03-27T10:48:01.538Z] 6:48:01 AM [vite] (client) hmr update /src/pages/Home.tsx, /src/index.css?v=IosvNt5ySvJtm-Hq8er80
[2026-03-27T10:48:57.255Z] 6:48:57 AM [vite] (client) page reload public/__manus__/version.json
[2026-03-27T11:22:19.563Z] 7:22:19 AM [vite] (client) hmr update /src/pages/Home.tsx, /src/index.css?v=IosvNt5ySvJtm-Hq8er80
[2026-03-27T11:23:36.531Z] 7:23:36 AM [tsx] change in ./drizzle/schema.ts Restarting...
[2026-03-27T11:23:41.353Z] cServer running on http://localhost:3000/
[2026-03-27T11:26:16.223Z] 7:26:16 AM [vite] (client) page reload src/pages/Canarias.tsx
[2026-03-27T11:26:29.324Z] 7:26:29 AM [vite] (client) hmr update /src/App.tsx?v=Bms-17YXF58v-jPnYbYSR, /src/index.css?v=Bms-17YXF58v-jPnYbYSR
[2026-03-27T11:27:43.683Z] 7:27:43 AM [vite] (client) page reload public/__manus__/version.json
[2026-03-27T11:34:50.617Z] 7:34:50 AM [vite] (client) hmr update /src/pages/Home.tsx, /src/index.css?v=Bms-17YXF58v-jPnYbYSR
[2026-03-27T11:35:22.801Z] 7:35:22 AM [vite] (client) page reload public/__manus__/version.json
[2026-03-27T14:52:37.886Z] [Stripe Webhook] Event: payment_intent.succeeded | ID: evt_3TFbkVB82mGAf12Q1Pp2OXKS
[2026-03-27T14:52:37.999Z] [Stripe Webhook] payment_intent.succeeded sin expedienteId — ignorando
[2026-03-27T14:52:38.024Z] [Stripe Webhook] Event: checkout.session.completed | ID: evt_1TFbkXB82mGAf12QIJlqdUIr
[2026-03-27T14:52:38.448Z] [Stripe Webhook] Expediente RF2025-989FZU marcado como PAGADO
[2026-03-27T14:52:38.449Z] [Stripe Webhook] N8N_PAGO_CONFIRMADO_WEBHOOK no configurado — omitiendo notificación
[2026-03-27T15:31:47.224Z] 11:31:47 AM [vite] (client) hmr update /src/components/Footer.tsx, /src/index.css?v=Bms-17YXF58v-jPnYbYSR
[2026-03-27T15:31:55.010Z] 11:31:55 AM [vite] (client) hmr update /src/components/Footer.tsx, /src/index.css?v=Bms-17YXF58v-jPnYbYSR
[2026-03-27T15:33:00.854Z] 11:33:00 AM [vite] (client) hmr update /src/pages/Home.tsx, /src/index.css?v=Bms-17YXF58v-jPnYbYSR
[2026-03-27T15:33:10.218Z] 11:33:10 AM [vite] (client) hmr update /src/pages/Home.tsx, /src/index.css?v=Bms-17YXF58v-jPnYbYSR
[2026-03-27T15:34:48.526Z] 11:34:48 AM [vite] (client) page reload public/__manus__/version.json
[2026-03-27T15:51:09.631Z] Dev server process group stopped
[2026-03-27T15:51:09.683Z] Dev server exited with code -15
[2026-03-27T15:51:12.688Z] Starting dev server with command: NODE_ENV=development tsx watch server/_core/index.ts
[2026-03-27T15:51:16.882Z] Server running on http://localhost:3000/
[2026-03-27T16:35:00.304Z] Dev server process group stopped
[2026-03-27T16:35:00.357Z] Dev server exited with code -15
[2026-03-27T16:35:03.343Z] Starting dev server with command: NODE_ENV=development tsx watch server/_core/index.ts
[2026-03-27T16:35:05.797Z] Server running on http://localhost:3000/
[2026-03-28T09:12:42.952Z] 5:12:42 AM [tsx] change in ./server/stripeWebhook.ts Restarting...
[2026-03-28T09:12:45.766Z] cServer running on http://localhost:3000/
[2026-03-28T09:14:58.703Z] 5:14:58 AM [vite] (client) hmr update /src/pages/PanelAsesor.tsx, /src/index.css?v=u4y-ZT7w9bZObWvec17Hl
[2026-03-28T09:15:25.405Z] 5:15:25 AM [vite] (client) hmr update /src/pages/PanelAsesor.tsx, /src/index.css?v=u4y-ZT7w9bZObWvec17Hl
[2026-03-28T09:15:54.415Z] 5:15:54 AM [vite] (client) hmr update /src/pages/PanelAsesor.tsx, /src/index.css?v=u4y-ZT7w9bZObWvec17Hl
[2026-03-28T09:16:10.404Z] 5:16:10 AM [vite] (client) hmr update /src/pages/PanelAsesor.tsx, /src/index.css?v=u4y-ZT7w9bZObWvec17Hl
[2026-03-28T09:18:35.115Z] 5:18:35 AM [vite] (client) page reload public/__manus__/version.json
[2026-03-28T09:28:58.208Z] 5:28:58 AM [tsx] change in ./server/stripeWebhook.ts Restarting...
[2026-03-28T09:29:01.132Z] cServer running on http://localhost:3000/
[2026-03-28T09:29:15.464Z] 5:29:15 AM [tsx] change in ./server/_core/env.ts Restarting...
[2026-03-28T09:29:18.121Z] cServer running on http://localhost:3000/
[2026-03-28T09:44:13.246Z] 5:44:13 AM [vite] (client) page reload public/__manus__/version.json
[2026-03-28T09:46:34.513Z] 5:46:34 AM [vite] (client) page reload public/__manus__/version.json
[2026-03-28T09:58:29.450Z] [Stripe Webhook] Event: payment_intent.succeeded | ID: evt_3TFtdPB82mGAf12Q1GSyJ1Ja
[2026-03-28T09:58:29.451Z] [Stripe Webhook] payment_intent.succeeded sin expedienteId — ignorando
[2026-03-28T09:58:29.526Z] [Stripe Webhook] Event: checkout.session.completed | ID: evt_1TFtdRB82mGAf12QzKYqv02S
[2026-03-28T09:58:29.560Z] [Stripe Webhook] Expediente RF2025-D7H7WS marcado como PAGADO
[2026-03-28T09:58:29.567Z] [Stripe Webhook] N8N_PAGO_CONFIRMADO_WEBHOOK no configurado — omitiendo notificación
[2026-03-28T09:58:29.577Z] [Email] BREVO_API_KEY no configurada — email no enviado
[2026-03-28T09:58:29.578Z] [Stripe Webhook] Email no enviado: BREVO_API_KEY not configured
[2026-03-28T10:00:00.881Z] Dev server process group stopped
[2026-03-28T10:00:00.942Z] Dev server exited with code -15
[2026-03-28T10:00:03.947Z] Starting dev server with command: NODE_ENV=development tsx watch server/_core/index.ts
[2026-03-28T10:00:08.388Z] Server running on http://localhost:3000/
[2026-03-28T10:20:39.165Z] [Stripe Webhook] Event: payment_intent.succeeded | ID: evt_3TFtyrB82mGAf12Q1MVvpqds
[2026-03-28T10:20:39.166Z] [Stripe Webhook] payment_intent.succeeded sin expedienteId — ignorando
[2026-03-28T10:20:39.195Z] [Stripe Webhook] Event: checkout.session.completed | ID: evt_1TFtysB82mGAf12Q2HCF9mcl
[2026-03-28T10:20:39.273Z] [Stripe Webhook] Expediente RF2025-7E322P marcado como PAGADO
[2026-03-28T10:20:42.119Z] [Stripe Webhook] n8n notificado correctamente para expediente undefined
[2026-03-28T10:20:44.083Z] [Email] Enviado a hola@ecombriefs.ai — messageId: <202603281020.15733245185@smtp-relay.mailin.fr>
[2026-03-28T10:20:44.084Z] [Stripe Webhook] Email de confirmación enviado a hola@ecombriefs.ai (RF2025-7E322P)
[2026-03-28T16:01:52.792Z] 12:01:52 PM [tsx] change in ./server/lib/googleSheets.ts Restarting...
[2026-03-28T16:01:55.439Z] cServer running on http://localhost:3000/
[2026-03-28T16:02:54.314Z] 12:02:54 PM [tsx] change in ./server/lib/googleSheets.ts Restarting...
[2026-03-28T16:02:59.020Z] cServer running on http://localhost:3000/
[2026-03-28T16:03:44.230Z] 12:03:44 PM [vite] (client) page reload public/__manus__/version.json
[2026-03-28T16:07:49.417Z] 12:07:49 PM [tsx] change in ./vite.config.ts Restarting...
[2026-03-28T16:07:51.847Z] cServer running on http://localhost:3000/
